cycleNo	real_time	time	sim_strain_normal	sim_strain	strain	strain_t	force	stress	Stress_Phase1	Stress_Phase2	stress_t	Stress_Phase1_t	Stress_Phase2_t	Strain_Phase1_t	Strain_Phase2_t
0	2.4	0.0001	0.000001	0.00001	0.000001	0.00001	0.002037183	2.263536968	1.77E+00	4.13E+00	2.26	1.77	4.13	0.00E+00	0.00E+00
0	2.5	0.1	0.00667	0.0001	0.0001	9.9995E-05	0.004488169	4.986854884	3.90E+00	9.09E+00	4.99	3.90	9.09	7.81E-05	1.82E-04
0	2.6	0.2	0.00667	0.0001	0.0001	9.9995E-05	0.007957747	8.841941283	6.91E+00	1.61E+01	8.84	6.91	16.12	7.81E-05	1.82E-04
0	2.7	0.3	0.00667	0.0001	0.0001	9.9995E-05	0.012032114	13.36901522	1.04E+01	2.44E+01	13.37	10.45	24.37	7.81E-05	1.82E-04
0	2.8	0.4	0.01333	0.0002	0.0002	0.00019998	0.016711269	18.56807669	1.45E+01	3.38E+01	18.57	14.51	33.85	1.56E-04	3.64E-04
0	2.9	0.5	0.01333	0.0002	0.0002	0.00019998	0.02221803	24.68670006	1.93E+01	4.50E+01	24.69	19.29	45.00	1.56E-04	3.64E-04
0	3	0.6	0.02000	0.0003	0.0003	0.000299955	0.027501974	30.55774907	2.39E+01	5.57E+01	30.57	23.88	55.71	2.34E-04	5.47E-04
0	3.1	0.7	0.02667	0.0004	0.0004	0.00039992	0.033613524	37.34835998	2.92E+01	6.81E+01	37.36	29.19	68.10	3.12E-04	7.29E-04
0	3.2	0.8	0.02667	0.0004	0.0004	0.00039992	0.039534088	43.92676429	3.43E+01	8.01E+01	43.94	34.34	80.09	3.12E-04	7.29E-04
0	3.3	0.9	0.03333	0.0005	0.0005	0.000499875	0.045836624	50.92958179	3.98E+01	9.28E+01	50.96	39.81	92.87	3.91E-04	9.11E-04
0	3.4	1	0.04000	0.0006	0.0006	0.00059982	0.052361976	58.17997364	4.55E+01	1.06E+02	58.21	45.49	106.10	4.69E-04	1.09E-03
0	3.5	1.1	0.04667	0.0007	0.0007	0.000699755	0.058664512	65.18279114	5.09E+01	1.19E+02	65.23	50.96	118.89	5.47E-04	1.28E-03
0	3.6	1.2	0.05333	0.0008	0.0008	0.00079968	0.065380851	72.64538958	5.68E+01	1.32E+02	72.70	56.81	132.51	6.25E-04	1.46E-03
0	3.7	1.3	0.06667	0.001	0.001	0.0009995	0.072320006	80.35556238	6.28E+01	1.46E+02	80.44	62.85	146.60	7.81E-04	1.82E-03
0	3.8	1.4	0.07333	0.0011	0.0011	0.001099395	0.078845359	87.60595423	6.84E+01	1.60E+02	87.70	68.52	159.85	8.59E-04	2.00E-03
0	3.9	1.5	0.08667	0.0013	0.0013	0.001299156	0.085147895	94.60877173	7.39E+01	1.72E+02	94.73	74.02	172.66	1.02E-03	2.37E-03
0	4	1.6	0.09333	0.0014	0.0014	0.001399021	0.091673247	101.8591636	7.96E+01	1.86E+02	102.00	79.70	185.91	1.09E-03	2.55E-03
0	4.1	1.7	0.10667	0.0016	0.0016	0.001598721	0.097784797	108.6497745	8.49E+01	1.98E+02	108.82	85.03	198.34	1.25E-03	2.91E-03
0	4.2	1.8	0.11333	0.0017	0.0017	0.001698557	0.103291558	114.7683979	8.97E+01	2.09E+02	114.96	89.82	209.53	1.33E-03	3.10E-03
0	4.3	1.9	0.12667	0.0019	0.0019	0.001898197	0.108575502	120.6394469	9.43E+01	2.20E+02	120.87	94.44	220.30	1.48E-03	3.46E-03
0	4.4	2	0.14000	0.0021	0.0021	0.002097798	0.114082263	126.7580702	9.90E+01	2.31E+02	127.02	99.25	231.52	1.64E-03	3.82E-03
0	4.5	2.1	0.15333	0.0023	0.0023	0.002297359	0.119175221	132.4169127	1.03E+02	2.41E+02	132.72	103.70	241.90	1.79E-03	4.19E-03
0	4.6	2.2	0.16667	0.0025	0.0025	0.00249688	0.123854377	137.6159741	1.08E+02	2.51E+02	137.96	107.79	251.45	1.95E-03	4.55E-03
0	4.7	2.3	0.17333	0.0026	0.0026	0.002596626	0.128342546	142.602829	1.11E+02	2.60E+02	142.97	111.71	260.59	2.03E-03	4.73E-03
0	4.8	2.4	0.19333	0.0029	0.0029	0.002895803	0.132607899	147.3421095	1.15E+02	2.69E+02	147.77	115.46	269.33	2.26E-03	5.28E-03
0	4.9	2.5	0.20667	0.0031	0.0031	0.003095205	0.136300293	151.4447703	1.18E+02	2.76E+02	151.91	118.70	276.88	2.42E-03	5.64E-03
0	5	2.6	0.22000	0.0033	0.0033	0.003294567	0.139547054	155.0522823	1.21E+02	2.83E+02	155.56	121.55	283.53	2.57E-03	6.00E-03
0	5.1	2.7	0.23333	0.0035	0.0035	0.003493889	0.142602829	158.4475878	1.24E+02	2.89E+02	159.00	124.23	289.80	2.73E-03	6.37E-03
0	5.2	2.8	0.24667	0.0037	0.0037	0.003693172	0.145053815	161.1709057	1.26E+02	2.94E+02	161.77	126.39	294.84	2.89E-03	6.73E-03
0	5.3	2.9	0.26667	0.004	0.004	0.003992021	0.147695787	164.1064302	1.28E+02	2.99E+02	164.76	128.73	300.30	3.12E-03	7.28E-03
0	5.4	3	0.28667	0.0043	0.0043	0.004290781	0.149541985	166.1577606	1.30E+02	3.03E+02	166.87	130.38	304.14	3.35E-03	7.82E-03
0	5.5	3.1	0.30667	0.0046	0.0046	0.004589452	0.150942548	167.7139423	1.31E+02	3.06E+02	168.49	131.64	307.08	3.59E-03	8.36E-03
0	5.6	3.2	0.32000	0.0048	0.0048	0.004788517	0.15196114	168.8457107	1.32E+02	3.08E+02	169.66	132.56	309.22	3.74E-03	8.73E-03
0	5.7	3.3	0.32667	0.0049	0.0049	0.004888034	0.152979731	169.9774792	1.33E+02	3.10E+02	170.81	133.46	311.32	3.82E-03	8.91E-03
0	5.8	3.4	0.34000	0.0051	0.0051	0.005087039	0.154412126	171.5690287	1.34E+02	3.13E+02	172.44	134.74	314.30	3.97E-03	9.27E-03
0	5.9	3.5	0.36000	0.0054	0.0054	0.005385472	0.155653534	172.9483715	1.35E+02	3.15E+02	173.88	135.86	316.92	4.21E-03	9.82E-03
0	6	3.6	0.36667	0.0055	0.0055	0.00548493	0.156035506	173.3727847	1.35E+02	3.16E+02	174.33	136.21	317.73	4.29E-03	1.00E-02
0	6.1	3.7	0.38000	0.0057	0.0057	0.005683816	0.157054098	174.5045532	1.36E+02	3.18E+02	175.50	137.12	319.87	4.44E-03	1.04E-02
0	6.2	3.8	0.39333	0.0059	0.0059	0.005882663	0.158072689	175.6363216	1.37E+02	3.20E+02	176.67	138.04	322.01	4.60E-03	1.07E-02
0	6.3	3.9	0.40000	0.006	0.006	0.005982072	0.158486492	176.0961026	1.38E+02	3.21E+02	177.15	138.41	322.88	4.67E-03	1.09E-02
0	6.4	4	0.41333	0.0062	0.0062	0.006180859	0.159091281	176.7680901	1.38E+02	3.22E+02	177.86	138.97	324.18	4.83E-03	1.13E-02
0	6.5	4.1	0.42667	0.0064	0.0064	0.006379607	0.160109873	177.8998586	1.39E+02	3.24E+02	179.04	139.89	326.32	4.98E-03	1.16E-02
0	6.6	4.2	0.43333	0.0065	0.0065	0.006478966	0.160937478	178.8194205	1.40E+02	3.26E+02	179.98	140.63	328.04	5.06E-03	1.18E-02
0	6.7	4.3	0.45333	0.0068	0.0068	0.006776984	0.162369873	180.4109699	1.41E+02	3.29E+02	181.64	141.92	331.06	5.30E-03	1.24E-02
0	6.8	4.4	0.46667	0.007	0.007	0.006975614	0.162783676	180.8707509	1.41E+02	3.30E+02	182.14	142.31	331.97	5.45E-03	1.27E-02
0	6.9	4.5	0.47333	0.0071	0.0071	0.007074914	0.162974662	181.0829575	1.41E+02	3.30E+02	182.37	142.49	332.39	5.53E-03	1.29E-02
0	7	4.6	0.48667	0.0073	0.0073	0.007273484	0.162974662	181.0829575	1.41E+02	3.30E+02	182.40	142.52	332.45	5.68E-03	1.33E-02
0	7.1	4.7	0.49333	0.0074	0.0074	0.007372754	0.163802267	182.0025194	1.42E+02	3.32E+02	183.35	143.26	334.18	5.76E-03	1.34E-02
0	7.2	4.8	0.50000	0.0075	0.0075	0.007472015	0.163579451	181.754945	1.42E+02	3.31E+02	183.12	143.08	333.75	5.84E-03	1.36E-02
0	7.3	4.9	0.50667	0.0076	0.0076	0.007571265	0.163802267	182.0025194	1.42E+02	3.32E+02	183.39	143.28	334.24	5.92E-03	1.38E-02
0	7.4	5	0.50667	0.0076	0.0076	0.007571265	0.163579451	181.754945	1.42E+02	3.31E+02	183.14	143.09	333.79	5.92E-03	1.38E-02
10	72	5.7	0.69389	0.010408408	0.0098	0.009752291	0.173765367	193.0726299	1.51E+02	3.52E+02	194.96	152.33	355.35	7.62E-03	1.78E-02
10	72.1	5.8	0.72245	0.010836747	0.0103	0.010247316	0.175006775	194.4519727	1.52E+02	3.54E+02	196.45	153.50	358.06	8.01E-03	1.87E-02
10	72.2	5.9	0.75013	0.011251918	0.0109	0.010841023	0.176821142	196.4679353	1.54E+02	3.58E+02	198.61	155.18	361.99	8.47E-03	1.98E-02
10	72.3	6	0.77682	0.011652281	0.0114	0.01133551	0.177648747	197.3874972	1.54E+02	3.60E+02	199.64	155.98	363.86	8.86E-03	2.07E-02
10	72.4	6.1	0.80242	0.012036257	0.0119	0.011829752	0.178858325	198.7314723	1.55E+02	3.62E+02	201.10	157.12	366.52	9.24E-03	2.16E-02
10	72.5	6.2	0.82682	0.012402331	0.0123	0.01222497	0.179876917	199.8632408	1.56E+02	3.64E+02	202.32	158.08	368.75	9.55E-03	2.23E-02
10	72.6	6.3	0.84994	0.012749057	0.0128	0.012718772	0.181118325	201.2425836	1.57E+02	3.67E+02	203.82	159.25	371.48	9.94E-03	2.32E-02
10	72.7	6.4	0.87167	0.013075068	0.0133	0.013212331	0.182136917	202.3743521	1.58E+02	3.69E+02	205.07	160.22	373.76	1.03E-02	2.41E-02
10	72.8	6.5	0.89194	0.013379076	0.0137	0.013607003	0.182741706	203.0463396	1.59E+02	3.70E+02	205.83	160.82	375.15	1.06E-02	2.48E-02
10	72.9	6.6	0.91066	0.013659883	0.014	0.013902905	0.182932692	203.2585462	1.59E+02	3.70E+02	206.10	161.04	375.65	1.09E-02	2.53E-02
10	73	6.7	0.92776	0.013916379	0.0143	0.014198719	0.183760297	204.1781081	1.60E+02	3.72E+02	207.10	161.81	377.46	1.11E-02	2.59E-02
10	73.1	6.8	0.94317	0.014147552	0.0145	0.01439588	0.1841741	204.6378891	1.60E+02	3.73E+02	207.61	162.21	378.38	1.12E-02	2.62E-02
10	73.2	6.9	0.95683	0.014352491	0.0148	0.014691549	0.184365086	204.8500956	1.60E+02	3.73E+02	207.88	162.42	378.89	1.15E-02	2.68E-02
10	73.3	7	0.96869	0.014530386	0.0149	0.014790085	0.184778889	205.3098766	1.60E+02	3.74E+02	208.37	162.80	379.78	1.16E-02	2.70E-02
10	73.4	7.1	0.97870	0.014680536	0.0151	0.01498713	0.184778889	205.3098766	1.60E+02	3.74E+02	208.41	162.84	379.85	1.17E-02	2.73E-02
10	73.5	7.2	0.98682	0.014802347	0.0152	0.015085637	0.1841741	204.6378891	1.60E+02	3.73E+02	207.75	162.32	378.65	1.18E-02	2.75E-02
10	73.6	7.3	0.99302	0.014895339	0.0153	0.015184135	0.184365086	204.8500956	1.60E+02	3.73E+02	207.98	162.50	379.08	1.19E-02	2.77E-02
10	73.7	7.4	0.99728	0.014959145	0.0154	0.015282624	0.183760297	204.1781081	1.60E+02	3.72E+02	207.32	161.99	377.87	1.19E-02	2.79E-02
10	73.8	7.5	0.99957	0.014993514	0.0154	0.015282624	0.182327903	202.5865587	1.58E+02	3.69E+02	205.71	160.72	374.92	1.19E-02	2.79E-02
10	73.9	7.6	0.99989	0.014998308	0.0154	0.015282624	0.181500297	201.6669968	1.58E+02	3.68E+02	204.77	159.99	373.22	1.19E-02	2.79E-02
10	74	7.7	0.99823	0.014973511	0.0154	0.015282624	0.18029072	200.3230217	1.57E+02	3.65E+02	203.41	158.93	370.73	1.19E-02	2.79E-02
10	74.1	7.8	0.99461	0.014919219	0.0154	0.015282624	0.178858325	198.7314723	1.55E+02	3.62E+02	201.79	157.67	367.79	1.19E-02	2.79E-02
10	74.2	7.9	0.98904	0.014835646	0.0154	0.015282624	0.176216353	195.7959478	1.53E+02	3.57E+02	198.81	155.34	362.36	1.19E-02	2.79E-02
10	74.3	8	0.98154	0.014723123	0.0153	0.015184135	0.173160578	192.4006423	1.50E+02	3.51E+02	195.34	152.63	356.04	1.19E-02	2.77E-02
10	74.4	8.1	0.97214	0.014582094	0.0153	0.015184135	0.169086212	187.8735684	1.47E+02	3.42E+02	190.75	149.04	347.66	1.19E-02	2.77E-02
10	74.5	8.2	0.96087	0.014413115	0.0152	0.015085637	0.163802267	182.0025194	1.42E+02	3.32E+02	184.77	144.37	336.76	1.18E-02	2.75E-02
10	74.6	8.3	0.94779	0.014216853	0.0152	0.015085637	0.157690718	175.2119085	1.37E+02	3.19E+02	177.88	138.98	324.20	1.18E-02	2.75E-02
10	74.7	8.4	0.93294	0.013994083	0.0151	0.01498713	0.14973297	166.3699672	1.30E+02	3.03E+02	168.88	131.95	307.81	1.17E-02	2.73E-02
10	74.8	8.5	0.91638	0.013745684	0.0149	0.014790085	0.140565646	156.1840508	1.22E+02	2.85E+02	158.51	123.85	288.91	1.16E-02	2.70E-02
10	74.9	8.6	0.89818	0.013472635	0.0148	0.014691549	0.131398321	145.9981345	1.14E+02	2.66E+02	148.16	115.76	270.04	1.15E-02	2.68E-02
10	75	8.7	0.87840	0.013176016	0.0147	0.014593002	0.121403391	134.8926562	1.05E+02	2.46E+02	136.88	106.94	249.47	1.14E-02	2.66E-02
10	75.1	8.8	0.85713	0.012856996	0.0146	0.014494446	0.109816911	122.0187897	9.53E+01	2.22E+02	123.80	96.73	225.64	1.13E-02	2.64E-02
10	75.2	8.9	0.83446	0.012516834	0.0144	0.014297305	0.096766205	107.518006	8.40E+01	1.96E+02	109.07	85.22	198.79	1.12E-02	2.61E-02
10	75.3	9	0.81046	0.012156873	0.0142	0.014100124	0.082919725	92.13302817	7.20E+01	1.68E+02	93.44	73.01	170.31	1.10E-02	2.57E-02
10	75.4	9.1	0.78524	0.011778533	0.014	0.013902905	0.068436626	76.04069503	5.94E+01	1.39E+02	77.11	60.24	140.53	1.09E-02	2.53E-02
10	75.5	9.2	0.75889	0.011383308	0.0138	0.013705647	0.052552962	58.39218023	4.56E+01	1.06E+02	59.20	46.25	107.90	1.07E-02	2.50E-02
10	75.6	9.3	0.73152	0.010972758	0.0136	0.01350835	0.03606451	40.07167789	3.13E+01	7.30E+01	40.62	31.74	74.03	1.06E-02	2.46E-02
10	75.7	9.4	0.70323	0.010548502	0.0133	0.013212331	0.018939438	21.04382025	1.64E+01	3.84E+01	21.32	16.66	38.86	1.03E-02	2.41E-02
10	75.8	9.5	0.67415	0.010112215	0.013	0.012916225	0.002228169	2.475743559	1.93E+00	4.51E+00	2.51	1.96	4.57	1.01E-02	2.35E-02
10	75.9	9.6	0.64437	0.009665619	0.0127	0.012620031	-0.014260283	-15.84475878	-1.24E+01	-2.89E+01	-16.05	-12.54	-29.25	9.86E-03	2.30E-02
10	76	9.7	0.61403	0.009210476	0.0124	0.01232375	-0.029125355	-32.3615051	-2.53E+01	-5.90E+01	-32.76	-25.60	-59.71	9.63E-03	2.25E-02
10	76.1	9.8	0.58324	0.008748582	0.012	0.011928571	-0.04379944	-48.66604482	-3.80E+01	-8.87E+01	-49.25	-38.48	-89.76	9.32E-03	2.17E-02
10	76.2	9.9	0.55212	0.008281761	0.0116	0.011533236	-0.058473526	-64.97058455	-5.08E+01	-1.18E+02	-65.72	-51.35	-119.79	9.01E-03	2.10E-02
10	76.3	10	0.52079	0.007811855	0.0111	0.011038847	-0.072924795	-81.02754992	-6.33E+01	-1.48E+02	-81.93	-64.01	-149.32	8.62E-03	2.01E-02
10	76.4	10.1	0.48938	0.007340718	0.0105	0.010445258	-0.086166486	-95.74054021	-7.48E+01	-1.74E+02	-96.75	-75.59	-176.33	8.16E-03	1.90E-02
10	76.5	10.2	0.45801	0.00687021	0.0099	0.009851316	-0.0981986	-109.1095554	-8.53E+01	-1.99E+02	-110.19	-86.09	-200.83	7.70E-03	1.80E-02
10	76.6	10.3	0.42681	0.006402187	0.0092	0.009157938	-0.109594094	-121.7712153	-9.51E+01	-2.22E+02	-122.89	-96.02	-223.98	7.16E-03	1.67E-02
10	76.7	10.4	0.39590	0.005938496	0.0085	0.008464078	-0.118984235	-132.2047061	-1.03E+02	-2.41E+02	-133.33	-104.17	-243.01	6.61E-03	1.54E-02
10	76.8	10.5	0.36540	0.005480969	0.0078	0.007769737	-0.126910152	-141.0112796	-1.10E+02	-2.57E+02	-142.11	-111.04	-259.01	6.07E-03	1.42E-02
10	76.9	10.6	0.33543	0.005031409	0.0071	0.007074914	-0.134040293	-148.933659	-1.16E+02	-2.71E+02	-149.99	-117.19	-273.38	5.53E-03	1.29E-02
10	77	10.7	0.30611	0.004591592	0.0064	0.006379607	-0.140151843	-155.7242699	-1.22E+02	-2.84E+02	-156.72	-122.45	-285.64	4.98E-03	1.16E-02
10	177.7	10.8	0.27755	0.004163253	0.0028	0.002796087	-0.179876917	-199.8632408	-1.56E+02	-3.64E+02	-200.42	-156.60	-365.29	2.18E-03	5.10E-03
10	177.8	10.9	0.24987	0.003748082	0.0024	0.002397125	-0.181723114	-201.9145711	-1.58E+02	-3.68E+02	-202.40	-158.14	-368.90	1.87E-03	4.37E-03
10	177.9	11	0.22318	0.003347719	0.002	0.001998003	-0.183760297	-204.1781081	-1.60E+02	-3.72E+02	-204.59	-159.85	-372.88	1.56E-03	3.64E-03
10	178	11.1	0.19758	0.002963743	0.0016	0.001598721	-0.185574664	-206.1940707	-1.61E+02	-3.76E+02	-206.52	-161.36	-376.41	1.25E-03	2.91E-03
10	178.1	11.2	0.17318	0.002597669	0.0013	0.001299156	-0.186593255	-207.3258392	-1.62E+02	-3.78E+02	-207.60	-162.20	-378.37	1.02E-03	2.37E-03
10	178.2	11.3	0.15006	0.002250943	0.001	0.0009995	-0.187229875	-208.0331945	-1.63E+02	-3.79E+02	-208.24	-162.71	-379.54	7.81E-04	1.82E-03
10	178.3	11.4	0.12833	0.001924932	0.0008	0.00079968	-0.18802565	-208.9173886	-1.63E+02	-3.81E+02	-209.08	-163.36	-381.08	6.25E-04	1.46E-03
10	178.4	11.5	0.10806	0.001620924	0.0006	0.00059982	-0.188630439	-209.5893762	-1.64E+02	-3.82E+02	-209.72	-163.86	-382.23	4.69E-04	1.09E-03
10	178.5	11.6	0.08934	0.001340117	0.0004	0.00039992	-0.189044241	-210.0491571	-1.64E+02	-3.83E+02	-210.13	-164.18	-382.99	3.12E-04	7.29E-04
10	178.6	11.7	0.07224	0.001083621	0.0003	0.000299955	-0.18964903	-210.7211447	-1.65E+02	-3.84E+02	-210.78	-164.69	-384.18	2.34E-04	5.47E-04
10	178.7	11.8	0.05683	0.000852448	0.0001	9.9995E-05	-0.18964903	-210.7211447	-1.65E+02	-3.84E+02	-210.74	-164.66	-384.10	7.81E-05	1.82E-04
10	178.8	11.9	0.04317	0.000647509	0.0001	9.9995E-05	-0.189267058	-210.2967315	-1.64E+02	-3.83E+02	-210.32	-164.33	-383.33	7.81E-05	1.82E-04
10	178.9	12	0.03131	0.000469614	0.00001	0.00001	-0.189044241	-210.0491571	-1.64E+02	-3.83E+02	-210.05	-164.12	-382.84	0.00E+00	0.00E+00
10	179	12.1	0.02130	0.000319464	-0.0001	-0.000100005	-0.188630439	-209.5893762	-1.64E+02	-3.82E+02	-209.57	-163.74	-381.96	-7.81E-05	-1.82E-04
10	179.1	12.2	0.01318	0.000197653	-0.0001	-0.000100005	-0.187611847	-208.4576077	-1.63E+02	-3.80E+02	-208.44	-162.86	-379.90	-7.81E-05	-1.82E-04
10	179.2	12.3	0.00698	0.000104661	-0.0001	-0.000100005	-0.185797481	-206.4416451	-1.61E+02	-3.76E+02	-206.42	-161.28	-376.23	-7.81E-05	-1.82E-04
10	179.3	12.4	0.00272	4.08546E-05	-0.0001	-0.000100005	-0.185797481	-206.4416451	-1.61E+02	-3.76E+02	-206.42	-161.28	-376.23	-7.81E-05	-1.82E-04
10	179.4	12.5	0.00043	6.48637E-06	-0.0001	-0.000100005	-0.183951283	-204.3903147	-1.60E+02	-3.73E+02	-204.37	-159.68	-372.49	-7.81E-05	-1.82E-04
10	179.5	12.6	0.00011	1.69157E-06	0.00001	0.00001	-0.177234945	-196.9277163	-1.54E+02	-3.59E+02	-196.93	-153.87	-358.92	0.00E+00	0.00E+00
10	179.6	12.7	0.00177	2.64892E-05	0.0001	9.9995E-05	-0.171537198	-190.5968863	-1.49E+02	-3.47E+02	-190.62	-148.93	-347.42	7.81E-05	1.82E-04
10	179.7	12.8	0.00539	8.07813E-05	0.0002	0.00019998	-0.164598042	-182.8867135	-1.43E+02	-3.33E+02	-182.92	-142.92	-333.40	1.56E-04	3.64E-04
10	179.8	12.9	0.01096	0.000164354	0.0002	0.00019998	-0.164598042	-182.8867135	-1.43E+02	-3.33E+02	-182.92	-142.92	-333.40	1.56E-04	3.64E-04
10	179.9	13	0.01846	0.000276877	0.0002	0.00019998	-0.157276915	-174.7521275	-1.37E+02	-3.19E+02	-174.79	-136.57	-318.57	1.56E-04	3.64E-04
10	180	13.1	0.02786	0.000417906	0.0004	0.00039992	-0.139356068	-154.8400757	-1.21E+02	-2.82E+02	-154.90	-121.03	-282.33	3.12E-04	7.29E-04
10	180.1	13.2	0.03913	0.000586885	0.0006	0.00059982	-0.12815156	-142.3906224	-1.11E+02	-2.60E+02	-142.48	-111.32	-259.68	4.69E-04	1.09E-03
10	180.2	13.3	0.05221	0.000783147	0.0007	0.000699755	-0.115514658	-128.3496197	-1.00E+02	-2.34E+02	-128.44	-100.35	-234.10	5.47E-04	1.28E-03
10	180.3	13.4	0.06706	0.001005917	0.0007	0.000699755	-0.115514658	-128.3496197	-1.00E+02	-2.34E+02	-128.44	-100.35	-234.10	5.47E-04	1.28E-03
10	180.4	13.5	0.08362	0.001254316	0.0009	0.000899595	-0.10205015	-113.389055	-8.86E+01	-2.07E+02	-113.49	-88.67	-206.85	7.03E-04	1.64E-03
10	180.5	13.6	0.10182	0.001527365	0.0012	0.001199281	-0.073147612	-81.27512427	-6.35E+01	-1.48E+02	-81.37	-63.58	-148.31	9.37E-04	2.19E-03
10	180.6	13.7	0.12160	0.001823984	0.0014	0.001399021	-0.059078315	-65.64257208	-5.13E+01	-1.20E+02	-65.73	-51.36	-119.81	1.09E-03	2.55E-03
10	180.7	13.8	0.14287	0.002143004	0.0016	0.001598721	-0.043608454	-48.45383823	-3.79E+01	-8.83E+01	-48.53	-37.92	-88.45	1.25E-03	2.91E-03
10	180.8	13.9	0.16554	0.002483166	0.0016	0.001598721	-0.043608454	-48.45383823	-3.79E+01	-8.83E+01	-48.53	-37.92	-88.45	1.25E-03	2.91E-03
10	180.9	14	0.18954	0.002843127	0.0018	0.001798382	-0.027088171	-30.09796813	-2.35E+01	-5.49E+01	-30.15	-23.56	-54.96	1.41E-03	3.28E-03
10	181	14.1	0.21476	0.003221467	0.0023	0.002297359	0.009358311	10.39812295	8.12E+00	1.90E+01	10.42	8.14	19.00	1.79E-03	4.19E-03
10	181.1	14.2	0.24111	0.003616692	0.0026	0.002596626	0.02769296	30.76995566	2.40E+01	5.61E+01	30.85	24.10	56.23	2.03E-03	4.73E-03
10	181.2	14.3	0.26848	0.004027242	0.003	0.002995509	0.045645638	50.7173752	3.96E+01	9.24E+01	50.87	39.75	92.72	2.34E-03	5.46E-03
10	181.3	14.4	0.29677	0.004451498	0.003	0.002995509	0.045645638	50.7173752	3.96E+01	9.24E+01	50.87	39.75	92.72	2.34E-03	5.46E-03
10	181.4	14.5	0.32585	0.004887785	0.0034	0.003394233	0.063566484	70.62942697	5.52E+01	1.29E+02	70.87	55.37	129.17	2.65E-03	6.19E-03
10	181.5	14.6	0.35563	0.005334381	0.0043	0.004290781	0.096352403	107.0582251	8.36E+01	1.95E+02	107.52	84.01	195.97	3.35E-03	7.82E-03
10	181.6	14.7	0.38597	0.005789524	0.0049	0.004888034	0.110612685	122.9029838	9.60E+01	2.24E+02	123.51	96.50	225.10	3.82E-03	8.91E-03
10	181.7	14.8	0.41676	0.006251418	0.0055	0.00548493	0.123663391	137.4037675	1.07E+02	2.50E+02	138.16	107.95	251.81	4.29E-03	1.00E-02
10	181.8	14.9	0.44788	0.006718239	0.0055	0.00548493	0.123663391	137.4037675	1.07E+02	2.50E+02	138.16	107.95	251.81	4.29E-03	1.00E-02
10	181.9	15	0.47921	0.007188145	0.0061	0.00608147	0.13426311	149.1812333	1.17E+02	2.72E+02	150.09	117.27	273.56	4.75E-03	1.11E-02
10	182	15.1	0.51062	0.007659282	0.0075	0.007472015	0.151165365	167.9615166	1.31E+02	3.06E+02	169.22	132.22	308.43	5.84E-03	1.36E-02
10	182.1	15.2	0.54199	0.00812979	0.0082	0.008166563	0.157690718	175.2119085	1.37E+02	3.19E+02	176.65	138.02	321.96	6.38E-03	1.49E-02
10	182.2	15.3	0.57319	0.008597813	0.0088	0.008761506	0.162974662	181.0829575	1.41E+02	3.30E+02	182.68	142.73	332.95	6.85E-03	1.60E-02
10	182.3	15.4	0.60410	0.009061504	0.0095	0.009455159	0.168481423	187.2015808	1.46E+02	3.41E+02	188.98	147.66	344.44	7.39E-03	1.72E-02
10	182.4	15.5	0.63460	0.009519031	0.0102	0.010148331	0.172746775	191.9408614	1.50E+02	3.50E+02	193.90	151.50	353.40	7.93E-03	1.85E-02
10	182.5	15.6	0.66457	0.009968591	0.0108	0.010742097	0.176025367	195.5837412	1.53E+02	3.56E+02	197.70	154.47	360.32	8.39E-03	1.96E-02
20	182.6	15.7	0.69389	0.010408408	0.0113	0.011236632	0.179081142	198.9790466	1.55E+02	3.63E+02	201.23	157.23	366.76	8.78E-03	2.05E-02
20	182.7	15.8	0.72245	0.010836747	0.0119	0.011829752	0.181723114	201.9145711	1.58E+02	3.68E+02	204.32	159.64	372.39	9.24E-03	2.16E-02
20	182.8	15.9	0.75013	0.011251918	0.0124	0.01232375	0.183760297	204.1781081	1.60E+02	3.72E+02	206.71	161.51	376.75	9.63E-03	2.25E-02
20	182.9	16	0.77682	0.011652281	0.0129	0.012817504	0.185574664	206.1940707	1.61E+02	3.76E+02	208.85	163.18	380.66	1.00E-02	2.34E-02
20	183	16.1	0.80242	0.012036257	0.0134	0.013311014	0.187007058	207.7856201	1.62E+02	3.79E+02	210.57	164.52	383.79	1.04E-02	2.43E-02
20	183.1	16.2	0.82682	0.012402331	0.0137	0.013607003	0.18802565	208.9173886	1.63E+02	3.81E+02	211.78	165.47	385.99	1.06E-02	2.48E-02
20	183.2	16.3	0.84994	0.012749057	0.0141	0.01400152	0.189267058	210.2967315	1.64E+02	3.83E+02	213.26	166.63	388.69	1.09E-02	2.55E-02
20	183.3	16.4	0.87167	0.013075068	0.0144	0.014297305	0.189458044	210.5089381	1.64E+02	3.84E+02	213.54	166.85	389.20	1.12E-02	2.61E-02
20	183.4	16.5	0.89194	0.013379076	0.0145	0.01439588	0.189458044	210.5089381	1.64E+02	3.84E+02	213.56	166.86	389.24	1.12E-02	2.62E-02
20	183.5	16.6	0.91066	0.013659883	0.0147	0.014593002	0.189871847	210.968719	1.65E+02	3.85E+02	214.07	167.26	390.17	1.14E-02	2.66E-02
20	183.6	16.7	0.92776	0.013916379	0.0148	0.014691549	0.190062833	211.1809256	1.65E+02	3.85E+02	214.31	167.44	390.60	1.15E-02	2.68E-02
20	183.7	16.8	0.94317	0.014147552	0.0149	0.014790085	0.190062833	211.1809256	1.65E+02	3.85E+02	214.33	167.46	390.64	1.16E-02	2.70E-02
20	183.8	16.9	0.95683	0.014352491	0.015	0.014888612	0.189267058	210.2967315	1.64E+02	3.83E+02	213.45	166.78	389.04	1.16E-02	2.71E-02
20	183.9	17	0.96869	0.014530386	0.0151	0.01498713	0.189267058	210.2967315	1.64E+02	3.83E+02	213.47	166.79	389.08	1.17E-02	2.73E-02
20	184	17.1	0.97870	0.014680536	0.0151	0.01498713	0.187834664	208.705182	1.63E+02	3.80E+02	211.86	165.53	386.13	1.17E-02	2.73E-02
20	184.1	17.2	0.98682	0.014802347	0.0151	0.01498713	0.185383678	205.9818641	1.61E+02	3.75E+02	209.09	163.37	381.09	1.17E-02	2.73E-02
20	184.2	17.3	0.99302	0.014895339	0.015	0.014888612	0.182741706	203.0463396	1.59E+02	3.70E+02	206.09	161.03	375.63	1.16E-02	2.71E-02
20	184.3	17.4	0.99728	0.014959145	0.015	0.014888612	0.178667339	198.5192657	1.55E+02	3.62E+02	201.50	157.44	367.25	1.16E-02	2.71E-02
20	184.4	17.5	0.99957	0.014993514	0.0149	0.014790085	0.174370156	193.7446174	1.51E+02	3.53E+02	196.63	153.63	358.38	1.16E-02	2.70E-02
20	184.5	17.6	0.99989	0.014998308	0.0149	0.014790085	0.169913817	188.7931303	1.48E+02	3.44E+02	191.61	149.71	349.22	1.16E-02	2.70E-02
20	184.6	17.7	0.99823	0.014973511	0.0148	0.014691549	0.163993253	182.214726	1.42E+02	3.32E+02	184.91	144.48	337.02	1.15E-02	2.68E-02
20	184.7	17.8	0.99461	0.014919219	0.0147	0.014593002	0.157276915	174.7521275	1.37E+02	3.19E+02	177.32	138.55	323.19	1.14E-02	2.66E-02
20	184.8	17.9	0.98904	0.014835646	0.0146	0.014494446	0.150146773	166.8297481	1.30E+02	3.04E+02	169.27	132.25	308.51	1.13E-02	2.64E-02
20	184.9	18	0.98154	0.014723123	0.0145	0.01439588	0.140979449	156.6438318	1.22E+02	2.86E+02	158.92	124.17	289.64	1.12E-02	2.62E-02
20	185	18.1	0.97214	0.014582094	0.0144	0.014297305	0.130984518	145.5383535	1.14E+02	2.65E+02	147.63	115.35	269.08	1.12E-02	2.61E-02
20	185.1	18.2	0.96087	0.014413115	0.0143	0.014198719	0.121212405	134.6804496	1.05E+02	2.45E+02	136.61	106.73	248.98	1.11E-02	2.59E-02
20	185.2	18.3	0.94779	0.014216853	0.0141	0.01400152	0.108575502	120.6394469	9.43E+01	2.20E+02	122.34	95.59	222.98	1.09E-02	2.55E-02
20	185.3	18.4	0.93294	0.013994083	0.014	0.013902905	0.095142825	105.71425	8.26E+01	1.93E+02	107.19	83.75	195.37	1.09E-02	2.53E-02
20	185.4	18.5	0.91638	0.013745684	0.0138	0.013705647	0.081487331	90.54147874	7.07E+01	1.65E+02	91.79	71.72	167.30	1.07E-02	2.50E-02
20	185.5	18.6	0.89818	0.013472635	0.0136	0.01350835	0.066622259	74.02473242	5.78E+01	1.35E+02	75.03	58.62	136.75	1.06E-02	2.46E-02
20	185.6	18.7	0.87840	0.013176016	0.0134	0.013311014	0.050515779	56.12864326	4.39E+01	1.02E+02	56.88	44.44	103.67	1.04E-02	2.43E-02
20	185.7	18.8	0.85713	0.012856996	0.0132	0.013113639	0.035841693	39.82410354	3.11E+01	7.26E+01	40.35	31.53	73.54	1.02E-02	2.39E-02
20	185.8	18.9	0.83446	0.012516834	0.013	0.012916225	0.020785636	23.09515063	1.80E+01	4.21E+01	23.40	18.28	42.64	1.01E-02	2.35E-02
20	185.9	19	0.81046	0.012156873	0.0127	0.012620031	0.004265352	4.739280528	3.70E+00	8.64E+00	4.80	3.75	8.75	9.86E-03	2.30E-02
20	186	19.1	0.78524	0.011778533	0.0124	0.01232375	-0.0122231	-13.58122181	-1.06E+01	-2.48E+01	-13.75	-10.74	-25.06	9.63E-03	2.25E-02
20	186.1	19.2	0.75889	0.011383308	0.0121	0.01202738	-0.029125355	-32.3615051	-2.53E+01	-5.90E+01	-32.75	-25.59	-59.70	9.40E-03	2.19E-02
20	186.2	19.3	0.73152	0.010972758	0.0118	0.011730923	-0.046855215	-52.06135027	-4.07E+01	-9.49E+01	-52.68	-41.16	-96.01	9.17E-03	2.14E-02
20	186.3	19.4	0.70323	0.010548502	0.0113	0.011236632	-0.064362259	-71.5136211	-5.59E+01	-1.30E+02	-72.32	-56.51	-131.81	8.78E-03	2.05E-02
20	186.4	19.5	0.67415	0.010112215	0.0108	0.010742097	-0.081296345	-90.32927215	-7.06E+01	-1.65E+02	-91.30	-71.34	-166.41	8.39E-03	1.96E-02
20	186.5	19.6	0.64437	0.009665619	0.0103	0.010247316	-0.095556628	-106.1740309	-8.30E+01	-1.94E+02	-107.27	-83.81	-195.51	8.01E-03	1.87E-02
20	186.6	19.7	0.61403	0.009210476	0.0097	0.009653257	-0.108798319	-120.8870212	-9.45E+01	-2.20E+02	-122.06	-95.37	-222.47	7.54E-03	1.76E-02
20	186.7	19.8	0.58324	0.008748582	0.0091	0.009058844	-0.121403391	-134.8926562	-1.05E+02	-2.46E+02	-136.12	-106.35	-248.09	7.08E-03	1.65E-02
20	186.8	19.9	0.55212	0.008281761	0.0084	0.008364916	-0.132416913	-147.1299029	-1.15E+02	-2.68E+02	-148.37	-115.92	-270.41	6.54E-03	1.52E-02
20	186.9	20	0.52079	0.007811855	0.0077	0.007670506	-0.141170435	-156.8560384	-1.23E+02	-2.86E+02	-158.06	-123.50	-288.09	5.99E-03	1.40E-02
20	187	20.1	0.48938	0.007340718	0.007	0.006975614	-0.149128182	-165.6979796	-1.29E+02	-3.02E+02	-166.86	-130.37	-304.12	5.45E-03	1.27E-02
20	187.1	20.2	0.45801	0.00687021	0.0063	0.006280238	-0.15584452	-173.1605781	-1.35E+02	-3.16E+02	-174.25	-136.15	-317.59	4.91E-03	1.14E-02
20	187.2	20.3	0.42681	0.006402187	0.0057	0.005683816	-0.161542267	-179.491408	-1.40E+02	-3.27E+02	-180.51	-141.04	-329.01	4.44E-03	1.04E-02
20	187.3	20.4	0.39590	0.005938496	0.005	0.004987542	-0.166635225	-185.1502505	-1.45E+02	-3.37E+02	-186.08	-145.39	-339.15	3.90E-03	9.09E-03
20	187.4	20.5	0.36540	0.005480969	0.0044	0.004390348	-0.170932409	-189.9248988	-1.48E+02	-3.46E+02	-190.76	-149.05	-347.68	3.43E-03	8.00E-03
20	187.5	20.6	0.33543	0.005031409	0.0038	0.003792798	-0.174592973	-193.9921917	-1.52E+02	-3.54E+02	-194.73	-152.15	-354.92	2.96E-03	6.91E-03
20	187.6	20.7	0.30611	0.004591592	0.0033	0.003294567	-0.177839733	-197.5997038	-1.54E+02	-3.60E+02	-198.25	-154.90	-361.34	2.57E-03	6.00E-03
20	287.7	20.8	0.27755	0.004163253	0.0029	0.002895803	-0.180099734	-200.1108151	-1.56E+02	-3.65E+02	-200.69	-156.81	-365.78	2.26E-03	5.28E-03
20	287.8	20.9	0.24987	0.003748082	0.0025	0.00249688	-0.1819141	-202.1267777	-1.58E+02	-3.68E+02	-202.63	-158.32	-369.32	1.95E-03	4.55E-03
20	287.9	21	0.22318	0.003347719	0.0021	0.002097798	-0.1841741	-204.6378891	-1.60E+02	-3.73E+02	-205.07	-160.23	-373.76	1.64E-03	3.82E-03
20	288	21.1	0.19758	0.002963743	0.0017	0.001698557	-0.185797481	-206.4416451	-1.61E+02	-3.76E+02	-206.79	-161.57	-376.90	1.33E-03	3.10E-03
20	288.1	21.2	0.17318	0.002597669	0.0014	0.001399021	-0.186816072	-207.5734136	-1.62E+02	-3.78E+02	-207.86	-162.41	-378.86	1.09E-03	2.55E-03
20	288.2	21.3	0.15006	0.002250943	0.0011	0.001099395	-0.187834664	-208.705182	-1.63E+02	-3.80E+02	-208.93	-163.25	-380.81	8.59E-04	2.00E-03
20	288.3	21.4	0.12833	0.001924932	0.0009	0.000899595	-0.188630439	-209.5893762	-1.64E+02	-3.82E+02	-209.78	-163.91	-382.34	7.03E-04	1.64E-03
20	288.4	21.5	0.10806	0.001620924	0.0006	0.00059982	-0.189044241	-210.0491571	-1.64E+02	-3.83E+02	-210.18	-164.22	-383.07	4.69E-04	1.09E-03
20	288.5	21.6	0.08934	0.001340117	0.0005	0.000499875	-0.189458044	-210.5089381	-1.64E+02	-3.84E+02	-210.61	-164.56	-383.87	3.91E-04	9.11E-04
20	288.6	21.7	0.07224	0.001083621	0.0003	0.000299955	-0.19028565	-211.4285	-1.65E+02	-3.85E+02	-211.49	-165.24	-385.47	2.34E-04	5.47E-04
20	288.7	21.8	0.05683	0.000852448	0.0002	0.00019998	-0.19028565	-211.4285	-1.65E+02	-3.85E+02	-211.47	-165.23	-385.43	1.56E-04	3.64E-04
20	288.8	21.9	0.04317	0.000647509	0.0001	9.9995E-05	-0.189871847	-210.968719	-1.65E+02	-3.85E+02	-210.99	-164.85	-384.55	7.81E-05	1.82E-04
20	288.9	22	0.03131	0.000469614	0.00001	0.00001	-0.189267058	-210.2967315	-1.64E+02	-3.83E+02	-210.30	-164.31	-383.29	0.00E+00	0.00E+00
20	289	22.1	0.02130	0.000319464	0.00001	0.00001	-0.188630439	-209.5893762	-1.64E+02	-3.82E+02	-209.59	-163.76	-382.00	0.00E+00	0.00E+00
20	289.1	22.2	0.01318	0.000197653	0.00001	0.00001	-0.18802565	-208.9173886	-1.63E+02	-3.81E+02	-208.92	-163.23	-380.78	0.00E+00	0.00E+00
20	289.2	22.3	0.00698	0.000104661	0.00001	0.00001	-0.187229875	-208.0331945	-1.63E+02	-3.79E+02	-208.03	-162.54	-379.16	0.00E+00	0.00E+00
20	289.3	22.4	0.00272	4.08546E-05	0.00001	0.00001	-0.184556072	-205.0623022	-1.60E+02	-3.74E+02	-205.06	-160.22	-373.75	0.00E+00	0.00E+00
20	289.4	22.5	0.00043	6.48637E-06	0.00001	0.00001	-0.180895508	-200.9950092	-1.57E+02	-3.66E+02	-201.00	-157.04	-366.34	0.00E+00	0.00E+00
20	289.5	22.6	0.00011	1.69157E-06	0.0001	9.9995E-05	-0.176216353	-195.7959478	-1.53E+02	-3.57E+02	-195.82	-153.00	-356.90	7.81E-05	1.82E-04
20	289.6	22.7	0.00177	2.64892E-05	0.0002	0.00019998	-0.170295789	-189.2175435	-1.48E+02	-3.45E+02	-189.26	-147.87	-344.94	1.56E-04	3.64E-04
20	289.7	22.8	0.00539	8.07813E-05	0.0002	0.00019998	-0.163802267	-182.0025194	-1.42E+02	-3.32E+02	-182.04	-142.23	-331.79	1.56E-04	3.64E-04
20	289.8	22.9	0.01096	0.000164354	0.0003	0.000299955	-0.155653534	-172.9483715	-1.35E+02	-3.15E+02	-173.00	-135.17	-315.31	2.34E-04	5.47E-04
20	289.9	23	0.01846	0.000276877	0.0004	0.00039992	-0.146868181	-163.1868683	-1.28E+02	-2.97E+02	-163.25	-127.55	-297.55	3.12E-04	7.29E-04
20	290	23.1	0.02786	0.000417906	0.0005	0.000499875	-0.137700857	-153.000952	-1.20E+02	-2.79E+02	-153.08	-119.60	-279.00	3.91E-04	9.11E-04
20	290.1	23.2	0.03913	0.000586885	0.0006	0.00059982	-0.12751494	-141.6832671	-1.11E+02	-2.58E+02	-141.77	-110.77	-258.39	4.69E-04	1.09E-03
20	290.2	23.3	0.05221	0.000783147	0.0008	0.00079968	-0.115705644	-128.5618263	-1.00E+02	-2.34E+02	-128.66	-100.53	-234.51	6.25E-04	1.46E-03
20	290.3	23.4	0.06706	0.001005917	0.0009	0.000899595	-0.103068741	-114.5208235	-8.95E+01	-2.09E+02	-114.62	-89.56	-208.92	7.03E-04	1.64E-03
20	290.4	23.5	0.08362	0.001254316	0.0011	0.001099395	-0.090845642	-100.9396017	-7.89E+01	-1.84E+02	-101.05	-78.95	-184.18	8.59E-04	2.00E-03
20	290.5	23.6	0.10182	0.001527365	0.0012	0.001199281	-0.07824057	-86.93396669	-6.79E+01	-1.58E+02	-87.04	-68.01	-158.64	9.37E-04	2.19E-03
20	290.6	23.7	0.12160	0.001823984	0.0014	0.001399021	-0.063152681	-70.16964602	-5.48E+01	-1.28E+02	-70.27	-54.90	-128.07	1.09E-03	2.55E-03
20	290.7	23.8	0.14287	0.002143004	0.0016	0.001598721	-0.047046201	-52.27355686	-4.08E+01	-9.53E+01	-52.36	-40.91	-95.43	1.25E-03	2.91E-03
20	290.8	23.9	0.16554	0.002483166	0.0018	0.001798382	-0.030971552	-34.41283547	-2.69E+01	-6.27E+01	-34.47	-26.94	-62.83	1.41E-03	3.28E-03
20	290.9	24	0.18954	0.002843127	0.0021	0.002097798	-0.01384648	-15.38497783	-1.20E+01	-2.80E+01	-15.42	-12.05	-28.10	1.64E-03	3.82E-03
20	291	24.1	0.21476	0.003221467	0.0023	0.002297359	0.004901972	5.44663583	4.26E+00	9.93E+00	5.46	4.27	9.95	1.79E-03	4.19E-03
20	291.1	24.2	0.24111	0.003616692	0.0027	0.002696362	0.024255213	26.95023703	2.11E+01	4.91E+01	27.02	21.11	49.25	2.11E-03	4.91E-03
20	291.2	24.3	0.26848	0.004027242	0.003	0.002995509	0.041953243	46.61471444	3.64E+01	8.50E+01	46.75	36.53	85.22	2.34E-03	5.46E-03
20	291.3	24.4	0.29677	0.004451498	0.0034	0.003394233	0.059269301	65.85477867	5.15E+01	1.20E+02	66.08	51.63	120.44	2.65E-03	6.19E-03
20	291.4	24.5	0.32585	0.004887785	0.0038	0.003792798	0.07598057	84.42285537	6.60E+01	1.54E+02	84.74	66.21	154.46	2.96E-03	6.91E-03
20	291.5	24.6	0.35563	0.005334381	0.0043	0.004290781	0.091482261	101.646957	7.94E+01	1.85E+02	102.08	79.76	186.06	3.35E-03	7.82E-03
20	291.6	24.7	0.38597	0.005789524	0.0048	0.004788517	0.105742544	117.4917158	9.18E+01	2.14E+02	118.06	92.24	215.17	3.74E-03	8.73E-03
20	291.7	24.8	0.41676	0.006251418	0.0054	0.005385472	0.118347616	131.4973508	1.03E+02	2.40E+02	132.21	103.30	240.96	4.21E-03	9.82E-03
20	291.8	24.9	0.44788	0.006718239	0.0054	0.005385472	0.118347616	131.4973508	1.03E+02	2.40E+02	132.21	103.30	240.96	4.21E-03	9.82E-03
20	291.9	25	0.47921	0.007188145	0.006	0.005982072	0.129965927	144.406585	1.13E+02	2.63E+02	145.27	113.51	264.78	4.67E-03	1.09E-02
20	292	25.1	0.51062	0.007659282	0.0067	0.006677655	0.139356068	154.8400757	1.21E+02	2.82E+02	155.88	121.79	284.10	5.22E-03	1.22E-02
20	292.1	25.2	0.54199	0.00812979	0.0073	0.007273484	0.147281984	163.6466493	1.28E+02	2.98E+02	164.84	128.80	300.44	5.68E-03	1.33E-02
20	292.2	25.3	0.57319	0.008597813	0.008	0.00796817	0.154412126	171.5690287	1.34E+02	3.13E+02	172.94	135.12	315.21	6.23E-03	1.45E-02
20	292.3	25.4	0.60410	0.009061504	0.0087	0.008662373	0.160746493	178.6072139	1.40E+02	3.26E+02	180.16	140.77	328.36	6.77E-03	1.58E-02
20	292.4	25.5	0.63460	0.009519031	0.0094	0.009356095	0.166030437	184.4782629	1.44E+02	3.36E+02	186.21	145.49	339.39	7.31E-03	1.71E-02
20	292.5	25.6	0.66457	0.009968591	0.01	0.009950331	0.170104803	189.0053369	1.48E+02	3.44E+02	190.90	149.15	347.93	7.77E-03	1.81E-02
20	292.6	25.7	0.69389	0.010408408	0.0106	0.010544214	0.173574381	192.8604233	1.51E+02	3.52E+02	194.90	152.28	355.24	8.24E-03	1.92E-02
30	292.7	25.8	0.72245	0.010836747	0.0113	0.011236632	0.177043959	196.7155097	1.54E+02	3.59E+02	198.94	155.44	362.59	8.78E-03	2.05E-02
30	292.8	25.9	0.75013	0.011251918	0.0119	0.011829752	0.179876917	199.8632408	1.56E+02	3.64E+02	202.24	158.02	368.61	9.24E-03	2.16E-02
30	292.9	26	0.77682	0.011652281	0.0124	0.01232375	0.181723114	201.9145711	1.58E+02	3.68E+02	204.42	159.72	372.58	9.63E-03	2.25E-02
30	293	26.1	0.80242	0.012036257	0.0128	0.012718772	0.18353748	203.9305337	1.59E+02	3.72E+02	206.54	161.38	376.44	9.94E-03	2.32E-02
30	293.1	26.2	0.82682	0.012402331	0.0132	0.013113639	0.184778889	205.3098766	1.60E+02	3.74E+02	208.02	162.53	379.14	1.02E-02	2.39E-02
30	293.2	26.3	0.84994	0.012749057	0.0135	0.013409687	0.185797481	206.4416451	1.61E+02	3.76E+02	209.23	163.48	381.34	1.05E-02	2.44E-02
30	293.3	26.4	0.87167	0.013075068	0.0139	0.013804281	0.187007058	207.7856201	1.62E+02	3.79E+02	210.67	164.61	383.98	1.08E-02	2.52E-02
30	293.4	26.5	0.89194	0.013379076	0.0142	0.014100124	0.187611847	208.4576077	1.63E+02	3.80E+02	211.42	165.19	385.33	1.10E-02	2.57E-02
30	293.5	26.6	0.91066	0.013659883	0.0144	0.014297305	0.18802565	208.9173886	1.63E+02	3.81E+02	211.93	165.58	386.26	1.12E-02	2.61E-02
30	293.6	26.7	0.92776	0.013916379	0.0146	0.014494446	0.188853255	209.8369505	1.64E+02	3.82E+02	212.90	166.35	388.04	1.13E-02	2.64E-02
30	293.7	26.8	0.94317	0.014147552	0.0148	0.014691549	0.188630439	209.5893762	1.64E+02	3.82E+02	212.69	166.18	387.65	1.15E-02	2.68E-02
30	293.8	26.9	0.95683	0.014352491	0.0149	0.014790085	0.187834664	208.705182	1.63E+02	3.80E+02	211.81	165.50	386.06	1.16E-02	2.70E-02
30	293.9	27	0.96869	0.014530386	0.015	0.014888612	0.187611847	208.4576077	1.63E+02	3.80E+02	211.58	165.32	385.64	1.16E-02	2.71E-02
30	294	27.1	0.97870	0.014680536	0.015	0.014888612	0.187229875	208.0331945	1.63E+02	3.79E+02	211.15	164.98	384.85	1.16E-02	2.71E-02
30	294.1	27.2	0.98682	0.014802347	0.015	0.014888612	0.185574664	206.1940707	1.61E+02	3.76E+02	209.29	163.52	381.45	1.16E-02	2.71E-02
30	294.2	27.3	0.99302	0.014895339	0.015	0.014888612	0.183760297	204.1781081	1.60E+02	3.72E+02	207.24	161.92	377.72	1.16E-02	2.71E-02
30	294.3	27.4	0.99728	0.014959145	0.015	0.014888612	0.181118325	201.2425836	1.57E+02	3.67E+02	204.26	159.60	372.29	1.16E-02	2.71E-02
30	294.4	27.5	0.99957	0.014993514	0.0149	0.014790085	0.177648747	197.3874972	1.54E+02	3.60E+02	200.33	156.52	365.12	1.16E-02	2.70E-02
30	294.5	27.6	0.99989	0.014998308	0.0149	0.014790085	0.175388747	194.8763859	1.52E+02	3.55E+02	197.78	154.53	360.48	1.16E-02	2.70E-02
30	294.6	27.7	0.99823	0.014973511	0.0148	0.014691549	0.170295789	189.2175435	1.48E+02	3.45E+02	192.02	150.03	349.98	1.15E-02	2.68E-02
30	294.7	27.8	0.99461	0.014919219	0.0148	0.014691549	0.165425648	183.8062754	1.44E+02	3.35E+02	186.53	145.74	339.97	1.15E-02	2.68E-02
30	294.8	27.9	0.98904	0.014835646	0.0147	0.014593002	0.159314098	177.0156645	1.38E+02	3.23E+02	179.62	140.34	327.37	1.14E-02	2.66E-02
30	294.9	28	0.98154	0.014723123	0.0146	0.014494446	0.15196114	168.8457107	1.32E+02	3.08E+02	171.31	133.85	312.23	1.13E-02	2.64E-02
30	295	28.1	0.97214	0.014582094	0.0145	0.01439588	0.142602829	158.4475878	1.24E+02	2.89E+02	160.75	125.59	292.98	1.12E-02	2.62E-02
30	295.1	28.2	0.96087	0.014413115	0.0144	0.014297305	0.132607899	147.3421095	1.15E+02	2.69E+02	149.46	116.78	272.42	1.12E-02	2.61E-02
30	295.2	28.3	0.94779	0.014216853	0.0142	0.014100124	0.12204001	135.6000115	1.06E+02	2.47E+02	137.53	107.45	250.66	1.10E-02	2.57E-02
30	295.3	28.4	0.93294	0.013994083	0.0141	0.01400152	0.110007897	122.2309963	9.55E+01	2.23E+02	123.95	96.85	225.92	1.09E-02	2.55E-02
30	295.4	28.5	0.91638	0.013745684	0.0139	0.013804281	0.096766205	107.518006	8.40E+01	1.96E+02	109.01	85.17	198.69	1.08E-02	2.52E-02
30	295.5	28.6	0.89818	0.013472635	0.0138	0.013705647	0.084129303	93.47700324	7.30E+01	1.70E+02	94.77	74.04	172.72	1.07E-02	2.50E-02
30	295.6	28.7	0.87840	0.013176016	0.0136	0.01350835	0.069264231	76.96025693	6.01E+01	1.40E+02	78.01	60.95	142.18	1.06E-02	2.46E-02
30	295.7	28.8	0.85713	0.012856996	0.0134	0.013311014	0.053794371	59.77152307	4.67E+01	1.09E+02	60.57	47.33	110.40	1.04E-02	2.43E-02
30	295.8	28.9	0.83446	0.012516834	0.0132	0.013113639	0.038292679	42.54742145	3.32E+01	7.75E+01	43.11	33.68	78.57	1.02E-02	2.39E-02
30	295.9	29	0.81046	0.012156873	0.0129	0.012817504	0.02158141	23.97934476	1.87E+01	4.37E+01	24.29	18.98	44.27	1.00E-02	2.34E-02
30	296	29.1	0.78524	0.011778533	0.0127	0.012620031	0.003660564	4.06729299	3.18E+00	7.41E+00	4.12	3.22	7.51	9.86E-03	2.30E-02
30	296.1	29.2	0.75889	0.011383308	0.0124	0.01232375	-0.012636902	-14.04100276	-1.10E+01	-2.56E+01	-14.22	-11.11	-25.91	9.63E-03	2.25E-02
30	296.2	29.3	0.73152	0.010972758	0.0121	0.01202738	-0.028934369	-32.1492985	-2.51E+01	-5.86E+01	-32.54	-25.42	-59.30	9.40E-03	2.19E-02
30	296.3	29.4	0.70323	0.010548502	0.0117	0.011632084	-0.045422821	-50.46980084	-3.94E+01	-9.20E+01	-51.06	-39.89	-93.06	9.09E-03	2.12E-02
30	296.4	29.5	0.67415	0.010112215	0.0114	0.01133551	-0.061306484	-68.11831564	-5.32E+01	-1.24E+02	-68.89	-53.83	-125.57	8.86E-03	2.07E-02
30	296.5	29.6	0.64437	0.009665619	0.0109	0.010841023	-0.077221978	-85.80219821	-6.70E+01	-1.56E+02	-86.74	-67.77	-158.09	8.47E-03	1.98E-02
30	296.6	29.7	0.61403	0.009210476	0.0104	0.010346292	-0.092278036	-102.5311511	-8.01E+01	-1.87E+02	-103.60	-80.94	-188.82	8.08E-03	1.89E-02
30	296.7	29.8	0.58324	0.008748582	0.0099	0.009851316	-0.10593353	-117.7039224	-9.20E+01	-2.15E+02	-118.87	-92.88	-216.65	7.70E-03	1.80E-02
30	296.8	29.9	0.55212	0.008281761	0.0092	0.009157938	-0.118984235	-132.2047061	-1.03E+02	-2.41E+02	-133.42	-104.25	-243.18	7.16E-03	1.67E-02
30	296.9	30	0.52079	0.007811855	0.0086	0.008563231	-0.130188743	-144.6541594	-1.13E+02	-2.64E+02	-145.90	-113.99	-265.92	6.69E-03	1.56E-02
30	297	30.1	0.48938	0.007340718	0.0079	0.007868958	-0.139133251	-154.5925014	-1.21E+02	-2.82E+02	-155.81	-121.74	-283.99	6.15E-03	1.43E-02
30	297.1	30.2	0.45801	0.00687021	0.0073	0.007273484	-0.147090998	-163.4344427	-1.28E+02	-2.98E+02	-164.63	-128.63	-300.05	5.68E-03	1.33E-02
30	297.2	30.3	0.42681	0.006402187	0.0066	0.006578315	-0.154634943	-171.816603	-1.34E+02	-3.13E+02	-172.95	-135.13	-315.22	5.14E-03	1.20E-02
30	297.3	30.4	0.39590	0.005938496	0.0059	0.005882663	-0.160937478	-178.8194205	-1.40E+02	-3.26E+02	-179.87	-140.54	-327.84	4.60E-03	1.07E-02
30	297.4	30.5	0.36540	0.005480969	0.0052	0.005186527	-0.166221423	-184.6904695	-1.44E+02	-3.37E+02	-185.65	-145.05	-338.37	4.05E-03	9.45E-03
30	297.5	30.6	0.33543	0.005031409	0.0045	0.004489905	-0.170709592	-189.6773244	-1.48E+02	-3.46E+02	-190.53	-148.87	-347.26	3.51E-03	8.18E-03
30	297.6	30.7	0.30611	0.004591592	0.004	0.003992021	-0.174370156	-193.7446174	-1.51E+02	-3.53E+02	-194.52	-151.98	-354.53	3.12E-03	7.28E-03
30	297.7	30.8	0.27755	0.004163253	0.0034	0.003394233	-0.177648747	-197.3874972	-1.54E+02	-3.60E+02	-198.06	-154.75	-360.98	2.65E-03	6.19E-03
30	397.8	30.9	0.24987	0.003748082	0.003	0.002995509	-0.180481705	-200.5352283	-1.57E+02	-3.65E+02	-201.14	-157.15	-366.60	2.34E-03	5.46E-03
30	397.9	31	0.22318	0.003347719	0.0025	0.00249688	-0.182518889	-202.7987653	-1.58E+02	-3.70E+02	-203.31	-158.85	-370.55	1.95E-03	4.55E-03
30	398	31.1	0.19758	0.002963743	0.0022	0.002197584	-0.1841741	-204.6378891	-1.60E+02	-3.73E+02	-205.09	-160.24	-373.80	1.72E-03	4.01E-03
30	398.1	31.2	0.17318	0.002597669	0.0018	0.001798382	-0.185988466	-206.6538517	-1.61E+02	-3.77E+02	-207.03	-161.76	-377.33	1.41E-03	3.28E-03
30	398.2	31.3	0.15006	0.002250943	0.0014	0.001399021	-0.187420861	-208.2454011	-1.63E+02	-3.80E+02	-208.54	-162.94	-380.08	1.09E-03	2.55E-03
30	398.3	31.4	0.12833	0.001924932	0.0012	0.001199281	-0.188439453	-209.3771696	-1.64E+02	-3.82E+02	-209.63	-163.79	-382.07	9.37E-04	2.19E-03
30	398.4	31.5	0.10806	0.001620924	0.0009	0.000899595	-0.189044241	-210.0491571	-1.64E+02	-3.83E+02	-210.24	-164.27	-383.18	7.03E-04	1.64E-03
30	398.5	31.6	0.08934	0.001340117	0.0007	0.000699755	-0.190062833	-211.1809256	-1.65E+02	-3.85E+02	-211.33	-165.12	-385.17	5.47E-04	1.28E-03
30	398.6	31.7	0.07224	0.001083621	0.0005	0.000499875	-0.190667622	-211.8529131	-1.66E+02	-3.86E+02	-211.96	-165.61	-386.32	3.91E-04	9.11E-04
30	398.7	31.8	0.05683	0.000852448	0.0003	0.000299955	-0.190667622	-211.8529131	-1.66E+02	-3.86E+02	-211.92	-165.58	-386.24	2.34E-04	5.47E-04
30	398.8	31.9	0.04317	0.000647509	0.0002	0.00019998	-0.190476636	-211.6407065	-1.65E+02	-3.86E+02	-211.68	-165.39	-385.82	1.56E-04	3.64E-04
30	398.9	32	0.03131	0.000469614	0.0001	9.9995E-05	-0.190476636	-211.6407065	-1.65E+02	-3.86E+02	-211.66	-165.38	-385.78	7.81E-05	1.82E-04
30	399	32.1	0.02130	0.000319464	0.0001	9.9995E-05	-0.18964903	-210.7211447	-1.65E+02	-3.84E+02	-210.74	-164.66	-384.10	7.81E-05	1.82E-04
30	399.1	32.2	0.01318	0.000197653	0.00001	0.00001	-0.189044241	-210.0491571	-1.64E+02	-3.83E+02	-210.05	-164.12	-382.84	0.00E+00	0.00E+00
30	399.2	32.3	0.00698	0.000104661	0.00001	0.00001	-0.188630439	-209.5893762	-1.64E+02	-3.82E+02	-209.59	-163.76	-382.00	0.00E+00	0.00E+00
30	399.3	32.4	0.00272	4.08546E-05	0.00001	0.00001	-0.187420861	-208.2454011	-1.63E+02	-3.80E+02	-208.25	-162.71	-379.55	0.00E+00	0.00E+00
30	399.4	32.5	0.00043	6.48637E-06	0.00001	0.00001	-0.185192692	-205.7696575	-1.61E+02	-3.75E+02	-205.77	-160.77	-375.04	0.00E+00	0.00E+00
30	399.5	32.6	0.00011	1.69157E-06	0.0001	9.9995E-05	-0.181723114	-201.9145711	-1.58E+02	-3.68E+02	-201.93	-157.78	-368.05	7.81E-05	1.82E-04
30	399.6	32.7	0.00177	2.64892E-05	0.0001	9.9995E-05	-0.177425931	-197.1399228	-1.54E+02	-3.59E+02	-197.16	-154.05	-359.35	7.81E-05	1.82E-04
30	399.7	32.8	0.00539	8.07813E-05	0.0002	0.00019998	-0.171951001	-191.0566672	-1.49E+02	-3.48E+02	-191.09	-149.31	-348.29	1.56E-04	3.64E-04
30	399.8	32.9	0.01096	0.000164354	0.0002	0.00019998	-0.166221423	-184.6904695	-1.44E+02	-3.37E+02	-184.73	-144.33	-336.69	1.56E-04	3.64E-04
30	399.9	33	0.01846	0.000276877	0.0003	0.000299955	-0.159505084	-177.2278711	-1.38E+02	-3.23E+02	-177.28	-138.51	-323.12	2.34E-04	5.47E-04
30	400	33.1	0.02786	0.000417906	0.0004	0.00039992	-0.151165365	-167.9615166	-1.31E+02	-3.06E+02	-168.03	-131.29	-306.25	3.12E-04	7.29E-04
30	400.1	33.2	0.03913	0.000586885	0.0005	0.000499875	-0.141775223	-157.5280259	-1.23E+02	-2.87E+02	-157.61	-123.14	-287.26	3.91E-04	9.11E-04
30	400.2	33.3	0.05221	0.000783147	0.0006	0.00059982	-0.131589307	-146.2103411	-1.14E+02	-2.66E+02	-146.30	-114.31	-266.65	4.69E-04	1.09E-03
30	400.3	33.4	0.06706	0.001005917	0.0008	0.00079968	-0.11978001	-133.0889002	-1.04E+02	-2.43E+02	-133.20	-104.07	-242.76	6.25E-04	1.46E-03
30	400.4	33.5	0.08362	0.001254316	0.0009	0.000899595	-0.106952122	-118.8356908	-9.28E+01	-2.17E+02	-118.94	-92.93	-216.79	7.03E-04	1.64E-03
30	400.5	33.6	0.10182	0.001527365	0.0011	0.001099395	-0.093901416	-104.3349071	-8.15E+01	-1.90E+02	-104.45	-81.61	-190.37	8.59E-04	2.00E-03
30	400.6	33.7	0.12160	0.001823984	0.0012	0.001199281	-0.080882542	-89.8694912	-7.02E+01	-1.64E+02	-89.98	-70.30	-163.99	9.37E-04	2.19E-03
30	400.7	33.8	0.14287	0.002143004	0.0014	0.001399021	-0.066208456	-73.56495147	-5.75E+01	-1.34E+02	-73.67	-57.56	-134.27	1.09E-03	2.55E-03
30	400.8	33.9	0.16554	0.002483166	0.0016	0.001598721	-0.051343385	-57.04820516	-4.46E+01	-1.04E+02	-57.14	-44.64	-104.14	1.25E-03	2.91E-03
30	400.9	34	0.18954	0.002843127	0.0018	0.001798382	-0.034632116	-38.48012846	-3.01E+01	-7.01E+01	-38.55	-30.12	-70.26	1.41E-03	3.28E-03
30	401	34.1	0.21476	0.003221467	0.0021	0.002097798	-0.016488452	-18.32050234	-1.43E+01	-3.34E+01	-18.36	-14.34	-33.46	1.64E-03	3.82E-03
30	401.1	34.2	0.24111	0.003616692	0.0023	0.002297359	0.000827606	0.919561893	7.18E-01	1.68E+00	0.92	0.72	1.68	1.79E-03	4.19E-03
30	401.2	34.3	0.26848	0.004027242	0.0026	0.002596626	0.019162255	21.29139461	1.66E+01	3.88E+01	21.35	16.68	38.91	2.03E-03	4.73E-03
30	401.3	34.4	0.29677	0.004451498	0.003	0.002995509	0.037878876	42.08764051	3.29E+01	7.67E+01	42.21	32.98	76.94	2.34E-03	5.46E-03
30	401.4	34.5	0.32585	0.004887785	0.0033	0.003294567	0.055194934	61.32770474	4.79E+01	1.12E+02	61.53	48.08	112.15	2.57E-03	6.00E-03
30	401.5	34.6	0.35563	0.005334381	0.0038	0.003792798	0.073147612	81.27512427	6.35E+01	1.48E+02	81.58	63.74	148.70	2.96E-03	6.91E-03
30	401.6	34.7	0.38597	0.005789524	0.0043	0.004290781	0.08982705	99.8078332	7.80E+01	1.82E+02	100.24	78.32	182.69	3.35E-03	7.82E-03
30	401.7	34.8	0.41676	0.006251418	0.0048	0.004788517	0.103896347	115.4403854	9.02E+01	2.10E+02	115.99	90.63	211.41	3.74E-03	8.73E-03
30	401.8	34.9	0.44788	0.006718239	0.0054	0.005385472	0.116947052	129.9411691	1.02E+02	2.37E+02	130.64	102.08	238.11	4.21E-03	9.82E-03
30	401.9	35	0.47921	0.007188145	0.006	0.005982072	0.127737757	141.9308415	1.11E+02	2.59E+02	142.78	111.56	260.24	4.67E-03	1.09E-02
30	402	35.1	0.51062	0.007659282	0.0066	0.006578315	0.137509871	152.7887454	1.19E+02	2.78E+02	153.80	120.17	280.31	5.14E-03	1.20E-02
30	402.1	35.2	0.54199	0.00812979	0.0072	0.007174204	0.145467618	161.6306867	1.26E+02	2.95E+02	162.79	127.20	296.71	5.61E-03	1.31E-02
30	402.2	35.3	0.57319	0.008597813	0.0079	0.007868958	0.152183957	169.0932851	1.32E+02	3.08E+02	170.43	133.16	310.63	6.15E-03	1.43E-02
30	402.3	35.4	0.60410	0.009061504	0.0085	0.008464078	0.158295506	175.883896	1.37E+02	3.21E+02	177.38	138.59	323.29	6.61E-03	1.54E-02
30	402.4	35.5	0.63460	0.009519031	0.0092	0.009157938	0.163802267	182.0025194	1.42E+02	3.32E+02	183.68	143.51	334.77	7.16E-03	1.67E-02
30	402.5	35.6	0.66457	0.009968591	0.0099	0.009851316	0.168481423	187.2015808	1.46E+02	3.41E+02	189.05	147.71	344.57	7.70E-03	1.80E-02
30	402.6	35.7	0.69389	0.010408408	0.0106	0.010544214	0.172746775	191.9408614	1.50E+02	3.50E+02	193.98	151.56	353.54	8.24E-03	1.92E-02
40	402.7	35.8	0.72245	0.010836747	0.0113	0.011236632	0.176630156	196.2557287	1.53E+02	3.58E+02	198.47	155.07	361.74	8.78E-03	2.05E-02
40	402.8	35.9	0.75013	0.011251918	0.0118	0.011730923	0.178444522	198.2716913	1.55E+02	3.61E+02	200.61	156.74	365.64	9.17E-03	2.14E-02
40	402.9	36	0.77682	0.011652281	0.0122	0.01212618	0.180481705	200.5352283	1.57E+02	3.65E+02	202.98	158.60	369.96	9.47E-03	2.21E-02
40	403	36.1	0.80242	0.012036257	0.0127	0.012620031	0.182518889	202.7987653	1.58E+02	3.70E+02	205.37	160.47	374.32	9.86E-03	2.30E-02
40	403.1	36.2	0.82682	0.012402331	0.013	0.012916225	0.183346494	203.7183272	1.59E+02	3.71E+02	206.37	161.24	376.13	1.01E-02	2.35E-02
40	403.2	36.3	0.84994	0.012749057	0.0134	0.013311014	0.185192692	205.7696575	1.61E+02	3.75E+02	208.53	162.93	380.06	1.04E-02	2.43E-02
40	403.3	36.4	0.87167	0.013075068	0.0138	0.013705647	0.185988466	206.6538517	1.61E+02	3.77E+02	209.51	163.69	381.85	1.07E-02	2.50E-02
40	403.4	36.5	0.89194	0.013379076	0.014	0.013902905	0.186211283	206.901426	1.62E+02	3.77E+02	209.80	163.92	382.38	1.09E-02	2.53E-02
40	403.5	36.6	0.91066	0.013659883	0.0143	0.014198719	0.187229875	208.0331945	1.63E+02	3.79E+02	211.01	164.87	384.59	1.11E-02	2.59E-02
40	403.6	36.7	0.92776	0.013916379	0.0145	0.01439588	0.187834664	208.705182	1.63E+02	3.80E+02	211.73	165.43	385.91	1.12E-02	2.62E-02
40	403.7	36.8	0.94317	0.014147552	0.0147	0.014593002	0.188248467	209.164963	1.63E+02	3.81E+02	212.24	165.83	386.83	1.14E-02	2.66E-02
40	403.8	36.9	0.95683	0.014352491	0.0148	0.014691549	0.187834664	208.705182	1.63E+02	3.80E+02	211.79	165.48	386.02	1.15E-02	2.68E-02
40	403.9	37	0.96869	0.014530386	0.0149	0.014790085	0.186593255	207.3258392	1.62E+02	3.78E+02	210.41	164.40	383.51	1.16E-02	2.70E-02
40	404	37.1	0.97870	0.014680536	0.0149	0.014790085	0.186211283	206.901426	1.62E+02	3.77E+02	209.98	164.07	382.72	1.16E-02	2.70E-02
40	404.1	37.2	0.98682	0.014802347	0.015	0.014888612	0.185797481	206.4416451	1.61E+02	3.76E+02	209.54	163.72	381.91	1.16E-02	2.71E-02
40	404.2	37.3	0.99302	0.014895339	0.0149	0.014790085	0.183760297	204.1781081	1.60E+02	3.72E+02	207.22	161.91	377.68	1.16E-02	2.70E-02
40	404.3	37.4	0.99728	0.014959145	0.0149	0.014790085	0.181309311	201.4547902	1.57E+02	3.67E+02	204.46	159.75	372.65	1.16E-02	2.70E-02
40	404.4	37.5	0.99957	0.014993514	0.0149	0.014790085	0.179081142	198.9790466	1.55E+02	3.63E+02	201.94	157.78	368.07	1.16E-02	2.70E-02
40	404.5	37.6	0.99989	0.014998308	0.0149	0.014790085	0.176025367	195.5837412	1.53E+02	3.56E+02	198.50	155.09	361.79	1.16E-02	2.70E-02
40	404.6	37.7	0.99823	0.014973511	0.0148	0.014691549	0.172332972	191.4810804	1.50E+02	3.49E+02	194.32	151.82	354.16	1.15E-02	2.68E-02
40	404.7	37.8	0.99461	0.014919219	0.0148	0.014691549	0.166635225	185.1502505	1.45E+02	3.37E+02	187.89	146.80	342.45	1.15E-02	2.68E-02
40	404.8	37.9	0.98904	0.014835646	0.0147	0.014593002	0.160109873	177.8998586	1.39E+02	3.24E+02	180.51	141.04	329.01	1.14E-02	2.66E-02
40	404.9	38	0.98154	0.014723123	0.0146	0.014494446	0.152597759	169.553066	1.32E+02	3.09E+02	172.03	134.41	313.54	1.13E-02	2.64E-02
40	405	38.1	0.97214	0.014582094	0.0145	0.01439588	0.144449026	160.4989182	1.25E+02	2.93E+02	162.83	127.22	296.77	1.12E-02	2.62E-02
40	405.1	38.2	0.96087	0.014413115	0.0144	0.014297305	0.135058885	150.0654275	1.17E+02	2.74E+02	152.23	118.94	277.45	1.12E-02	2.61E-02
40	405.2	38.3	0.94779	0.014216853	0.0142	0.014100124	0.12426818	138.0757551	1.08E+02	2.52E+02	140.04	109.41	255.23	1.10E-02	2.57E-02
40	405.3	38.4	0.93294	0.013994083	0.0141	0.01400152	0.112458883	124.9543142	9.76E+01	2.28E+02	126.72	99.01	230.95	1.09E-02	2.55E-02
40	405.4	38.5	0.91638	0.013745684	0.0139	0.013804281	0.100649586	111.8328733	8.74E+01	2.04E+02	113.39	88.59	206.66	1.08E-02	2.52E-02
40	405.5	38.6	0.89818	0.013472635	0.0138	0.013705647	0.087789867	97.54429623	7.62E+01	1.78E+02	98.89	77.27	180.24	1.07E-02	2.50E-02
40	405.6	38.7	0.87840	0.013176016	0.0136	0.01350835	0.072733809	80.81534333	6.31E+01	1.47E+02	81.91	64.00	149.30	1.06E-02	2.46E-02
40	405.7	38.8	0.85713	0.012856996	0.0134	0.013311014	0.056436343	62.70704758	4.90E+01	1.14E+02	63.55	49.65	115.82	1.04E-02	2.43E-02
40	405.8	38.9	0.83446	0.012516834	0.0131	0.013014937	0.03991606	44.35117747	3.47E+01	8.08E+01	44.93	35.11	81.89	1.02E-02	2.37E-02
40	405.9	39	0.81046	0.012156873	0.0129	0.012817504	0.023236622	25.81846855	2.02E+01	4.71E+01	26.15	20.43	47.66	1.00E-02	2.34E-02
40	406	39.1	0.78524	0.011778533	0.0127	0.012620031	0.005697747	6.330829959	4.95E+00	1.15E+01	6.41	5.01	11.69	9.86E-03	2.30E-02
40	406.1	39.2	0.75889	0.011383308	0.0124	0.01232375	-0.011395494	-12.66165992	-9.89E+00	-2.31E+01	-12.82	-10.02	-23.36	9.63E-03	2.25E-02
40	406.2	39.3	0.73152	0.010972758	0.0121	0.01202738	-0.02769296	-30.76995566	-2.40E+01	-5.61E+01	-31.14	-24.33	-56.76	9.40E-03	2.19E-02
40	406.3	39.4	0.70323	0.010548502	0.0118	0.011730923	-0.043608454	-48.45383823	-3.79E+01	-8.83E+01	-49.03	-38.31	-89.35	9.17E-03	2.14E-02
40	406.4	39.5	0.67415	0.010112215	0.0114	0.01133551	-0.059683104	-66.31455962	-5.18E+01	-1.21E+02	-67.07	-52.40	-122.24	8.86E-03	2.07E-02
40	406.5	39.6	0.64437	0.009665619	0.0109	0.010841023	-0.07598057	-84.42285537	-6.60E+01	-1.54E+02	-85.34	-66.68	-155.55	8.47E-03	1.98E-02
40	406.6	39.7	0.61403	0.009210476	0.0104	0.010346292	-0.091068458	-101.187176	-7.91E+01	-1.84E+02	-102.24	-79.88	-186.34	8.08E-03	1.89E-02
40	406.7	39.8	0.58324	0.008748582	0.0099	0.009851316	-0.105105924	-116.7843605	-9.12E+01	-2.13E+02	-117.94	-92.15	-214.96	7.70E-03	1.80E-02
40	406.8	39.9	0.55212	0.008281761	0.0093	0.009257021	-0.117551841	-130.6131566	-1.02E+02	-2.38E+02	-131.83	-103.00	-240.27	7.23E-03	1.69E-02
40	406.9	40	0.52079	0.007811855	0.0086	0.008563231	-0.128756349	-143.06261	-1.12E+02	-2.61E+02	-144.29	-112.74	-262.99	6.69E-03	1.56E-02
40	407	40.1	0.48938	0.007340718	0.008	0.00796817	-0.138337477	-153.7083073	-1.20E+02	-2.80E+02	-154.94	-121.06	-282.39	6.23E-03	1.45E-02
40	407.1	40.2	0.45801	0.00687021	0.0073	0.007273484	-0.146868181	-163.1868683	-1.28E+02	-2.97E+02	-164.38	-128.43	-299.60	5.68E-03	1.33E-02
40	407.2	40.3	0.42681	0.006402187	0.0066	0.006578315	-0.15422114	-171.3568221	-1.34E+02	-3.12E+02	-172.49	-134.77	-314.38	5.14E-03	1.20E-02
40	407.3	40.4	0.39590	0.005938496	0.006	0.005982072	-0.160523676	-178.3596396	-1.39E+02	-3.25E+02	-179.43	-140.19	-327.03	4.67E-03	1.09E-02
40	407.4	40.5	0.36540	0.005480969	0.0053	0.005286004	-0.166221423	-184.6904695	-1.44E+02	-3.37E+02	-185.67	-145.07	-338.40	4.13E-03	9.63E-03
40	407.5	40.6	0.33543	0.005031409	0.0047	0.004688989	-0.170518606	-189.4651178	-1.48E+02	-3.45E+02	-190.36	-148.73	-346.95	3.66E-03	8.55E-03
40	407.6	40.7	0.30611	0.004591592	0.0041	0.004091618	-0.174370156	-193.7446174	-1.51E+02	-3.53E+02	-194.54	-152.00	-354.57	3.20E-03	7.46E-03
40	407.7	40.8	0.27755	0.004163253	0.0035	0.003493889	-0.178253536	-198.0594847	-1.55E+02	-3.61E+02	-198.75	-155.29	-362.25	2.73E-03	6.37E-03
40	507.8	40.9	0.24987	0.003748082	0.0031	0.003095205	-0.180704522	-200.7828027	-1.57E+02	-3.66E+02	-201.41	-157.36	-367.08	2.42E-03	5.64E-03
40	507.9	41	0.22318	0.003347719	0.0026	0.002596626	-0.183155509	-203.5061206	-1.59E+02	-3.71E+02	-204.04	-159.42	-371.88	2.03E-03	4.73E-03
40	508	41.1	0.19758	0.002963743	0.0022	0.002197584	-0.184969875	-205.5220832	-1.61E+02	-3.75E+02	-205.97	-160.93	-375.41	1.72E-03	4.01E-03
40	508.1	41.2	0.17318	0.002597669	0.0018	0.001798382	-0.186402269	-207.1136326	-1.62E+02	-3.77E+02	-207.49	-162.12	-378.17	1.41E-03	3.28E-03
40	508.2	41.3	0.15006	0.002250943	0.0015	0.001498876	-0.187611847	-208.4576077	-1.63E+02	-3.80E+02	-208.77	-163.12	-380.51	1.17E-03	2.73E-03
40	508.3	41.4	0.12833	0.001924932	0.0012	0.001199281	-0.188853255	-209.8369505	-1.64E+02	-3.82E+02	-210.09	-164.15	-382.91	9.37E-04	2.19E-03
40	508.4	41.5	0.10806	0.001620924	0.0009	0.000899595	-0.189871847	-210.968719	-1.65E+02	-3.85E+02	-211.16	-164.98	-384.86	7.03E-04	1.64E-03
40	508.5	41.6	0.08934	0.001340117	0.0007	0.000699755	-0.19028565	-211.4285	-1.65E+02	-3.85E+02	-211.58	-165.31	-385.62	5.47E-04	1.28E-03
40	508.6	41.7	0.07224	0.001083621	0.0005	0.000499875	-0.190667622	-211.8529131	-1.66E+02	-3.86E+02	-211.96	-165.61	-386.32	3.91E-04	9.11E-04
40	508.7	41.8	0.05683	0.000852448	0.0003	0.000299955	-0.191304242	-212.5602684	-1.66E+02	-3.87E+02	-212.62	-166.13	-387.53	2.34E-04	5.47E-04
40	508.8	41.9	0.04317	0.000647509	0.0002	0.00019998	-0.191081425	-212.3126941	-1.66E+02	-3.87E+02	-212.36	-165.92	-387.04	1.56E-04	3.64E-04
40	508.9	42	0.03131	0.000469614	0.0001	9.9995E-05	-0.191495228	-212.772475	-1.66E+02	-3.88E+02	-212.79	-166.26	-387.84	7.81E-05	1.82E-04
40	509	42.1	0.02130	0.000319464	0.00001	0.00001	-0.19028565	-211.4285	-1.65E+02	-3.85E+02	-211.43	-165.20	-385.35	0.00E+00	0.00E+00
40	509.1	42.2	0.01318	0.000197653	0.00001	0.00001	-0.188853255	-209.8369505	-1.64E+02	-3.82E+02	-209.84	-163.95	-382.45	0.00E+00	0.00E+00
40	509.2	42.3	0.00698	0.000104661	0.00001	0.00001	-0.188248467	-209.164963	-1.63E+02	-3.81E+02	-209.16	-163.43	-381.23	0.00E+00	0.00E+00
40	509.3	42.4	0.00272	4.08546E-05	0.00001	0.00001	-0.187420861	-208.2454011	-1.63E+02	-3.80E+02	-208.25	-162.71	-379.55	0.00E+00	0.00E+00
40	509.4	42.5	0.00043	6.48637E-06	0.00001	0.00001	-0.184556072	-205.0623022	-1.60E+02	-3.74E+02	-205.06	-160.22	-373.75	0.00E+00	0.00E+00
40	509.5	42.6	0.00011	1.69157E-06	0.0001	9.9995E-05	-0.1819141	-202.1267777	-1.58E+02	-3.68E+02	-202.15	-157.94	-368.44	7.81E-05	1.82E-04
40	509.6	42.7	0.00177	2.64892E-05	0.0001	9.9995E-05	-0.17806255	-197.8472781	-1.55E+02	-3.61E+02	-197.87	-154.60	-360.64	7.81E-05	1.82E-04
40	509.7	42.8	0.00539	8.07813E-05	0.0002	0.00019998	-0.172332972	-191.4810804	-1.50E+02	-3.49E+02	-191.52	-149.64	-349.07	1.56E-04	3.64E-04
40	509.8	42.9	0.01096	0.000164354	0.0002	0.00019998	-0.165839451	-184.2660563	-1.44E+02	-3.36E+02	-184.30	-144.00	-335.91	1.56E-04	3.64E-04
40	509.9	43	0.01846	0.000276877	0.0003	0.000299955	-0.158900295	-176.5558835	-1.38E+02	-3.22E+02	-176.61	-137.99	-321.89	2.34E-04	5.47E-04
40	510	43.1	0.02786	0.000417906	0.0004	0.00039992	-0.149923956	-166.5821738	-1.30E+02	-3.04E+02	-166.65	-130.21	-303.74	3.12E-04	7.29E-04
40	510.1	43.2	0.03913	0.000586885	0.0005	0.000499875	-0.139960857	-155.5120633	-1.22E+02	-2.83E+02	-155.59	-121.57	-283.58	3.91E-04	9.11E-04
40	510.2	43.3	0.05221	0.000783147	0.0006	0.00059982	-0.130188743	-144.6541594	-1.13E+02	-2.64E+02	-144.74	-113.09	-263.81	4.69E-04	1.09E-03
40	510.3	43.4	0.06706	0.001005917	0.0008	0.00079968	-0.118570433	-131.7449251	-1.03E+02	-2.40E+02	-131.85	-103.02	-240.31	6.25E-04	1.46E-03
40	510.4	43.5	0.08362	0.001254316	0.0009	0.000899595	-0.105742544	-117.4917158	-9.18E+01	-2.14E+02	-117.60	-91.88	-214.34	7.03E-04	1.64E-03
40	510.5	43.6	0.10182	0.001527365	0.0011	0.001099395	-0.092278036	-102.5311511	-8.01E+01	-1.87E+02	-102.64	-80.20	-187.08	8.59E-04	2.00E-03
40	510.6	43.7	0.12160	0.001823984	0.0013	0.001299156	-0.07824057	-86.93396669	-6.79E+01	-1.58E+02	-87.05	-68.01	-158.65	1.02E-03	2.37E-03
40	510.7	43.8	0.14287	0.002143004	0.0014	0.001399021	-0.064998879	-72.2209764	-5.64E+01	-1.32E+02	-72.32	-56.51	-131.82	1.09E-03	2.55E-03
40	510.8	43.9	0.16554	0.002483166	0.0016	0.001598721	-0.049497187	-54.99687478	-4.30E+01	-1.00E+02	-55.08	-43.04	-100.40	1.25E-03	2.91E-03
40	510.9	44	0.18954	0.002843127	0.0018	0.001798382	-0.03380451	-37.56056657	-2.93E+01	-6.85E+01	-37.63	-29.40	-68.58	1.41E-03	3.28E-03
40	511	44.1	0.21476	0.003221467	0.0021	0.002097798	-0.016711269	-18.56807669	-1.45E+01	-3.38E+01	-18.61	-14.54	-33.91	1.64E-03	3.82E-03
40	511.1	44.2	0.24111	0.003616692	0.0023	0.002297359	0.001018592	1.131768484	8.84E-01	2.06E+00	1.13	0.89	2.07	1.79E-03	4.19E-03
40	511.2	44.3	0.26848	0.004027242	0.0026	0.002596626	0.018939438	21.04382025	1.64E+01	3.84E+01	21.10	16.48	38.45	2.03E-03	4.73E-03
40	511.3	44.4	0.29677	0.004451498	0.0029	0.002895803	0.036669299	40.74366543	3.18E+01	7.43E+01	40.86	31.93	74.48	2.26E-03	5.28E-03
40	511.4	44.5	0.32585	0.004887785	0.0033	0.003294567	0.054590145	60.6557172	4.74E+01	1.11E+02	60.86	47.55	110.92	2.57E-03	6.00E-03
40	511.5	44.6	0.35563	0.005334381	0.0038	0.003792798	0.072510992	80.56776897	6.29E+01	1.47E+02	80.87	63.19	147.40	2.96E-03	6.91E-03
40	511.6	44.7	0.38597	0.005789524	0.0042	0.004191205	0.088617472	98.46385813	7.69E+01	1.79E+02	98.88	77.26	180.22	3.27E-03	7.64E-03
40	511.7	44.8	0.41676	0.006251418	0.0047	0.004688989	0.102686769	114.0964103	8.91E+01	2.08E+02	114.63	89.57	208.93	3.66E-03	8.55E-03
40	511.8	44.9	0.44788	0.006718239	0.0053	0.005286004	0.115705644	128.5618263	1.00E+02	2.34E+02	129.24	100.98	235.56	4.13E-03	9.63E-03
40	511.9	45	0.47921	0.007188145	0.0059	0.005882663	0.127132969	141.2588539	1.10E+02	2.57E+02	142.09	111.02	258.98	4.60E-03	1.07E-02
40	512	45.1	0.51062	0.007659282	0.0066	0.006578315	0.137318885	152.5765388	1.19E+02	2.78E+02	153.58	120.00	279.92	5.14E-03	1.20E-02
40	512.1	45.2	0.54199	0.00812979	0.0073	0.007273484	0.146072407	162.3026742	1.27E+02	2.96E+02	163.49	127.74	297.97	5.68E-03	1.33E-02
40	512.2	45.3	0.57319	0.008597813	0.0079	0.007868958	0.152597759	169.553066	1.32E+02	3.09E+02	170.89	133.52	311.47	6.15E-03	1.43E-02
40	512.3	45.4	0.60410	0.009061504	0.0093	0.009257021	0.164184239	182.4269325	1.43E+02	3.32E+02	184.12	143.86	335.59	7.23E-03	1.69E-02
40	512.4	45.5	0.63460	0.009519031	0.0093	0.009257021	0.164184239	182.4269325	1.43E+02	3.32E+02	184.12	143.86	335.59	7.23E-03	1.69E-02
40	512.5	45.6	0.66457	0.009968591	0.0099	0.009851316	0.168481423	187.2015808	1.46E+02	3.41E+02	189.05	147.71	344.57	7.70E-03	1.80E-02
40	512.6	45.7	0.69389	0.010408408	0.0106	0.010544214	0.172555789	191.7286548	1.50E+02	3.49E+02	193.76	151.39	353.15	8.24E-03	1.92E-02
50	512.7	45.8	0.72245	0.010836747	0.0111	0.011038847	0.175197761	194.6641793	1.52E+02	3.55E+02	196.82	153.79	358.74	8.62E-03	2.01E-02
50	512.8	45.9	0.75013	0.011251918	0.0122	0.01212618	0.180481705	200.5352283	1.57E+02	3.65E+02	202.98	158.60	369.96	9.47E-03	2.21E-02
50	512.9	46	0.77682	0.011652281	0.0122	0.01212618	0.180481705	200.5352283	1.57E+02	3.65E+02	202.98	158.60	369.96	9.47E-03	2.21E-02
50	513	46.1	0.80242	0.012036257	0.0127	0.012620031	0.182136917	202.3743521	1.58E+02	3.69E+02	204.94	160.13	373.54	9.86E-03	2.30E-02
50	513.1	46.2	0.82682	0.012402331	0.0131	0.013014937	0.183760297	204.1781081	1.60E+02	3.72E+02	206.85	161.62	377.01	1.02E-02	2.37E-02
50	513.2	46.3	0.84994	0.012749057	0.0135	0.013409687	0.184969875	205.5220832	1.61E+02	3.75E+02	208.30	162.75	379.64	1.05E-02	2.44E-02
50	513.3	46.4	0.87167	0.013075068	0.0141	0.01400152	0.186593255	207.3258392	1.62E+02	3.78E+02	210.25	164.27	383.20	1.09E-02	2.55E-02
50	513.4	46.5	0.89194	0.013379076	0.0141	0.01400152	0.186593255	207.3258392	1.62E+02	3.78E+02	210.25	164.27	383.20	1.09E-02	2.55E-02
50	513.5	46.6	0.91066	0.013659883	0.0143	0.014198719	0.186816072	207.5734136	1.62E+02	3.78E+02	210.54	164.50	383.74	1.11E-02	2.59E-02
50	513.6	46.7	0.92776	0.013916379	0.0145	0.01439588	0.187420861	208.2454011	1.63E+02	3.80E+02	211.26	165.07	385.05	1.12E-02	2.62E-02
50	513.7	46.8	0.94317	0.014147552	0.0147	0.014593002	0.187611847	208.4576077	1.63E+02	3.80E+02	211.52	165.27	385.52	1.14E-02	2.66E-02
50	513.8	46.9	0.95683	0.014352491	0.0148	0.014691549	0.186402269	207.1136326	1.62E+02	3.77E+02	210.18	164.22	383.08	1.15E-02	2.68E-02
50	513.9	47	0.96869	0.014530386	0.0148	0.014691549	0.186402269	207.1136326	1.62E+02	3.77E+02	210.18	164.22	383.08	1.15E-02	2.68E-02
50	514	47.1	0.97870	0.014680536	0.0149	0.014790085	0.185574664	206.1940707	1.61E+02	3.76E+02	209.27	163.51	381.41	1.16E-02	2.70E-02
50	514.1	47.2	0.98682	0.014802347	0.0149	0.014790085	0.184969875	205.5220832	1.61E+02	3.75E+02	208.58	162.97	380.17	1.16E-02	2.70E-02
50	514.2	47.3	0.99302	0.014895339	0.0149	0.014790085	0.183155509	203.5061206	1.59E+02	3.71E+02	206.54	161.37	376.44	1.16E-02	2.70E-02
50	514.3	47.4	0.99728	0.014959145	0.0148	0.014691549	0.177839733	197.5997038	1.54E+02	3.60E+02	200.52	156.68	365.48	1.15E-02	2.68E-02
50	514.4	47.5	0.99957	0.014993514	0.0148	0.014691549	0.177839733	197.5997038	1.54E+02	3.60E+02	200.52	156.68	365.48	1.15E-02	2.68E-02
50	514.5	47.6	0.99989	0.014998308	0.0148	0.014691549	0.17417917	193.5324108	1.51E+02	3.53E+02	196.40	153.45	357.96	1.15E-02	2.68E-02
50	514.6	47.7	0.99823	0.014973511	0.0147	0.014593002	0.170104803	189.0053369	1.48E+02	3.44E+02	191.78	149.85	349.55	1.14E-02	2.66E-02
50	514.7	47.8	0.99461	0.014919219	0.0147	0.014593002	0.164407056	182.6745069	1.43E+02	3.33E+02	185.36	144.83	337.84	1.14E-02	2.66E-02
50	514.8	47.9	0.98904	0.014835646	0.0145	0.01439588	0.151165365	167.9615166	1.31E+02	3.06E+02	170.40	133.14	310.57	1.12E-02	2.62E-02
50	514.9	48	0.98154	0.014723123	0.0145	0.01439588	0.151165365	167.9615166	1.31E+02	3.06E+02	170.40	133.14	310.57	1.12E-02	2.62E-02
50	515	48.1	0.97214	0.014582094	0.0144	0.014297305	0.143430435	159.3671497	1.25E+02	2.90E+02	161.66	126.31	294.65	1.12E-02	2.61E-02
50	515.1	48.2	0.96087	0.014413115	0.0143	0.014198719	0.134645082	149.6056465	1.17E+02	2.73E+02	151.75	118.56	276.57	1.11E-02	2.59E-02
50	515.2	48.3	0.94779	0.014216853	0.0142	0.014100124	0.124681982	138.535536	1.08E+02	2.52E+02	140.50	109.78	256.08	1.10E-02	2.57E-02
50	515.3	48.4	0.93294	0.013994083	0.0139	0.013804281	0.102463952	113.848836	8.90E+01	2.08E+02	115.43	90.19	210.39	1.08E-02	2.52E-02
50	515.4	48.5	0.91638	0.013745684	0.0139	0.013804281	0.102463952	113.848836	8.90E+01	2.08E+02	115.43	90.19	210.39	1.08E-02	2.52E-02
50	515.5	48.6	0.89818	0.013472635	0.0137	0.013607003	0.089222261	99.13584566	7.75E+01	1.81E+02	100.49	78.52	183.16	1.06E-02	2.48E-02
50	515.6	48.7	0.87840	0.013176016	0.0136	0.01350835	0.074770992	83.07888029	6.49E+01	1.51E+02	84.21	65.79	153.48	1.06E-02	2.46E-02
50	515.7	48.8	0.85713	0.012856996	0.0134	0.013311014	0.059269301	65.85477867	5.15E+01	1.20E+02	66.74	52.14	121.64	1.04E-02	2.43E-02
50	515.8	48.9	0.83446	0.012516834	0.0129	0.012817504	0.026897185	29.88576154	2.34E+01	5.45E+01	30.27	23.65	55.17	1.00E-02	2.34E-02
50	515.9	49	0.81046	0.012156873	0.0129	0.012817504	0.026897185	29.88576154	2.34E+01	5.45E+01	30.27	23.65	55.17	1.00E-02	2.34E-02
50	516	49.1	0.78524	0.011778533	0.0127	0.012620031	0.009358311	10.39812295	8.12E+00	1.90E+01	10.53	8.23	19.19	9.86E-03	2.30E-02
50	516.1	49.2	0.75889	0.011383308	0.0124	0.01232375	-0.006939156	-7.710172799	-6.02E+00	-1.41E+01	-7.81	-6.10	-14.23	9.63E-03	2.25E-02
50	516.2	49.3	0.73152	0.010972758	0.0121	0.01202738	-0.021995213	-24.43912571	-1.91E+01	-4.45E+01	-24.73	-19.33	-45.08	9.40E-03	2.19E-02
50	516.3	49.4	0.70323	0.010548502	0.0114	0.01133551	-0.055417751	-61.57527909	-4.81E+01	-1.12E+02	-62.28	-48.66	-113.51	8.86E-03	2.07E-02
50	516.4	49.5	0.67415	0.010112215	0.0114	0.01133551	-0.055417751	-61.57527909	-4.81E+01	-1.12E+02	-62.28	-48.66	-113.51	8.86E-03	2.07E-02
50	516.5	49.6	0.64437	0.009665619	0.011	0.01093994	-0.072320006	-80.35556238	-6.28E+01	-1.46E+02	-81.24	-63.47	-148.07	8.55E-03	1.99E-02
50	516.6	49.7	0.61403	0.009210476	0.0105	0.010445258	-0.088012684	-97.79187059	-7.64E+01	-1.78E+02	-98.82	-77.21	-180.11	8.16E-03	1.90E-02
50	516.7	49.8	0.58324	0.008748582	0.0099	0.009851316	-0.102686769	-114.0964103	-8.91E+01	-2.08E+02	-115.23	-90.03	-210.01	7.70E-03	1.80E-02
50	516.8	49.9	0.55212	0.008281761	0.0087	0.008662373	-0.12751494	-141.6832671	-1.11E+02	-2.58E+02	-142.92	-111.66	-260.48	6.77E-03	1.58E-02
50	516.9	50	0.52079	0.007811855	0.0087	0.008662373	-0.12751494	-141.6832671	-1.11E+02	-2.58E+02	-142.92	-111.66	-260.48	6.77E-03	1.58E-02
50	517	50.1	0.48938	0.007340718	0.0081	0.008067371	-0.137318885	-152.5765388	-1.19E+02	-2.78E+02	-153.81	-120.18	-280.34	6.30E-03	1.47E-02
50	517.1	50.2	0.45801	0.00687021	0.0074	0.007372754	-0.146072407	-162.3026742	-1.27E+02	-2.96E+02	-163.50	-127.75	-298.00	5.76E-03	1.34E-02
50	517.2	50.3	0.42681	0.006402187	0.0067	0.006677655	-0.153616351	-170.6848345	-1.33E+02	-3.11E+02	-171.83	-134.25	-313.18	5.22E-03	1.22E-02
50	517.3	50.4	0.39590	0.005938496	0.0053	0.005286004	-0.165839451	-184.2660563	-1.44E+02	-3.36E+02	-185.24	-144.74	-337.63	4.13E-03	9.63E-03
50	517.4	50.5	0.36540	0.005480969	0.0053	0.005286004	-0.165839451	-184.2660563	-1.44E+02	-3.36E+02	-185.24	-144.74	-337.63	4.13E-03	9.63E-03
50	517.5	50.6	0.33543	0.005031409	0.0047	0.004688989	-0.170518606	-189.4651178	-1.48E+02	-3.45E+02	-190.36	-148.73	-346.95	3.66E-03	8.55E-03
50	517.6	50.7	0.30611	0.004591592	0.0041	0.004091618	-0.174370156	-193.7446174	-1.51E+02	-3.53E+02	-194.54	-152.00	-354.57	3.20E-03	7.46E-03
50	517.7	50.8	0.27755	0.004163253	0.0036	0.003593536	-0.177648747	-197.3874972	-1.54E+02	-3.60E+02	-198.10	-154.78	-361.06	2.81E-03	6.55E-03
50	617.8	50.9	0.24987	0.003748082	0.0026	0.002596626	-0.183760297	-204.1781081	-1.60E+02	-3.72E+02	-204.71	-159.95	-373.11	2.03E-03	4.73E-03
50	617.9	51	0.22318	0.003347719	0.0026	0.002596626	-0.183760297	-204.1781081	-1.60E+02	-3.72E+02	-204.71	-159.95	-373.11	2.03E-03	4.73E-03
50	618	51.1	0.19758	0.002963743	0.0022	0.002197584	-0.185383678	-205.9818641	-1.61E+02	-3.75E+02	-206.44	-161.29	-376.25	1.72E-03	4.01E-03
50	618.1	51.2	0.17318	0.002597669	0.0018	0.001798382	-0.186593255	-207.3258392	-1.62E+02	-3.78E+02	-207.70	-162.28	-378.56	1.41E-03	3.28E-03
50	618.2	51.3	0.15006	0.002250943	0.0015	0.001498876	-0.187834664	-208.705182	-1.63E+02	-3.80E+02	-209.02	-163.31	-380.96	1.17E-03	2.73E-03
50	618.3	51.4	0.12833	0.001924932	0.0009	0.000899595	-0.19028565	-211.4285	-1.65E+02	-3.85E+02	-211.62	-165.34	-385.70	7.03E-04	1.64E-03
50	618.4	51.5	0.10806	0.001620924	0.0009	0.000899595	-0.19028565	-211.4285	-1.65E+02	-3.85E+02	-211.62	-165.34	-385.70	7.03E-04	1.64E-03
50	618.5	51.6	0.08934	0.001340117	0.0007	0.000699755	-0.191304242	-212.5602684	-1.66E+02	-3.87E+02	-212.71	-166.20	-387.69	5.47E-04	1.28E-03
50	618.6	51.7	0.07224	0.001083621	0.0005	0.000499875	-0.191304242	-212.5602684	-1.66E+02	-3.87E+02	-212.67	-166.16	-387.61	3.91E-04	9.11E-04
50	618.7	51.8	0.05683	0.000852448	0.0003	0.000299955	-0.191686213	-212.9846816	-1.66E+02	-3.88E+02	-213.05	-166.46	-388.31	2.34E-04	5.47E-04
50	618.8	51.9	0.04317	0.000647509	0.0001	9.9995E-05	-0.191081425	-212.3126941	-1.66E+02	-3.87E+02	-212.33	-165.90	-387.00	7.81E-05	1.82E-04
50	618.9	52	0.03131	0.000469614	0.0001	9.9995E-05	-0.191081425	-212.3126941	-1.66E+02	-3.87E+02	-212.33	-165.90	-387.00	7.81E-05	1.82E-04
50	619	52.1	0.02130	0.000319464	0.00001	0.00001	-0.19028565	-211.4285	-1.65E+02	-3.85E+02	-211.43	-165.20	-385.35	0.00E+00	0.00E+00
50	619.1	52.2	0.01318	0.000197653	0.00001	0.00001	-0.18964903	-210.7211447	-1.65E+02	-3.84E+02	-210.72	-164.64	-384.06	0.00E+00	0.00E+00
50	619.2	52.3	0.00698	0.000104661	0.00001	0.00001	-0.189458044	-210.5089381	-1.64E+02	-3.84E+02	-210.51	-164.48	-383.68	0.00E+00	0.00E+00
50	619.3	52.4	0.00272	4.08546E-05	0.00001	0.00001	-0.186816072	-207.5734136	-1.62E+02	-3.78E+02	-207.57	-162.18	-378.33	0.00E+00	0.00E+00
50	619.4	52.5	0.00043	6.48637E-06	0.00001	0.00001	-0.186816072	-207.5734136	-1.62E+02	-3.78E+02	-207.57	-162.18	-378.33	0.00E+00	0.00E+00
50	619.5	52.6	0.00011	1.69157E-06	0.00001	0.00001	-0.183760297	-204.1781081	-1.60E+02	-3.72E+02	-204.18	-159.53	-372.14	0.00E+00	0.00E+00
50	619.6	52.7	0.00177	2.64892E-05	0.0001	9.9995E-05	-0.179876917	-199.8632408	-1.56E+02	-3.64E+02	-199.88	-156.17	-364.31	7.81E-05	1.82E-04
50	619.7	52.8	0.00539	8.07813E-05	0.0001	9.9995E-05	-0.174783959	-194.2043983	-1.52E+02	-3.54E+02	-194.22	-151.75	-354.00	7.81E-05	1.82E-04
50	619.8	52.9	0.01096	0.000164354	0.0003	0.000299955	-0.161128464	-179.0316271	-1.40E+02	-3.26E+02	-179.09	-139.92	-326.40	2.34E-04	5.47E-04
50	619.9	53	0.01846	0.000276877	0.0003	0.000299955	-0.161128464	-179.0316271	-1.40E+02	-3.26E+02	-179.09	-139.92	-326.40	2.34E-04	5.47E-04
50	620	53.1	0.02786	0.000417906	0.0004	0.00039992	-0.152597759	-169.553066	-1.32E+02	-3.09E+02	-169.62	-132.53	-309.15	3.12E-04	7.29E-04
50	620.1	53.2	0.03913	0.000586885	0.0005	0.000499875	-0.143207618	-159.1195753	-1.24E+02	-2.90E+02	-159.20	-124.39	-290.16	3.91E-04	9.11E-04
50	620.2	53.3	0.05221	0.000783147	0.0006	0.00059982	-0.132830716	-147.5896839	-1.15E+02	-2.69E+02	-147.68	-115.39	-269.16	4.69E-04	1.09E-03
50	620.3	53.4	0.06706	0.001005917	0.0009	0.000899595	-0.108384516	-120.4272403	-9.41E+01	-2.19E+02	-120.54	-94.18	-219.69	7.03E-04	1.64E-03
50	620.4	53.5	0.08362	0.001254316	0.0009	0.000899595	-0.108384516	-120.4272403	-9.41E+01	-2.19E+02	-120.54	-94.18	-219.69	7.03E-04	1.64E-03
50	620.5	53.6	0.10182	0.001527365	0.0011	0.001099395	-0.095142825	-105.71425	-8.26E+01	-1.93E+02	-105.83	-82.69	-192.89	8.59E-04	2.00E-03
50	620.6	53.7	0.12160	0.001823984	0.0012	0.001199281	-0.080882542	-89.8694912	-7.02E+01	-1.64E+02	-89.98	-70.30	-163.99	9.37E-04	2.19E-03
50	620.7	53.8	0.14287	0.002143004	0.0014	0.001399021	-0.065380851	-72.64538958	-5.68E+01	-1.32E+02	-72.75	-56.84	-132.59	1.09E-03	2.55E-03
50	620.8	53.9	0.16554	0.002483166	0.0016	0.001598721	-0.050515779	-56.12864326	-4.39E+01	-1.02E+02	-56.22	-43.93	-102.46	1.25E-03	2.91E-03
50	620.9	54	0.18954	0.002843127	0.0018	0.001798382	-0.034632116	-38.48012846	-3.01E+01	-7.01E+01	-38.55	-30.12	-70.26	1.41E-03	3.28E-03
50	621	54.1	0.21476	0.003221467	0.0021	0.002097798	-0.017316058	-19.24006423	-1.50E+01	-3.51E+01	-19.28	-15.06	-35.14	1.64E-03	3.82E-03
50	621.1	54.2	0.24111	0.003616692	0.0023	0.002297359	-0.000190986	-0.212206591	-1.66E-01	-3.87E-01	-0.21	-0.17	-0.39	1.79E-03	4.19E-03
50	621.2	54.3	0.26848	0.004027242	0.0026	0.002596626	0.016902255	18.78028328	1.47E+01	3.42E+01	18.83	14.71	34.32	2.03E-03	4.73E-03
50	621.3	54.4	0.29677	0.004451498	0.0029	0.002895803	0.035045918	38.93990941	3.04E+01	7.10E+01	39.05	30.51	71.18	2.26E-03	5.28E-03
50	621.4	54.5	0.32585	0.004887785	0.0033	0.003294567	0.052775779	58.63975459	4.58E+01	1.07E+02	58.83	45.97	107.23	2.57E-03	6.00E-03
50	621.5	54.6	0.35563	0.005334381	0.0037	0.003693172	0.070091837	77.87981882	6.08E+01	1.42E+02	78.17	61.07	142.47	2.89E-03	6.73E-03
50	621.6	54.7	0.38597	0.005789524	0.0042	0.004191205	0.086580289	96.20032116	7.52E+01	1.75E+02	96.60	75.48	176.07	3.27E-03	7.64E-03
50	621.7	54.8	0.41676	0.006251418	0.0047	0.004688989	0.101445361	112.7170675	8.81E+01	2.05E+02	113.25	88.48	206.41	3.66E-03	8.55E-03
50	621.8	54.9	0.44788	0.006718239	0.0053	0.005286004	0.114687052	127.4300578	9.96E+01	2.32E+02	128.11	100.09	233.49	4.13E-03	9.63E-03
50	621.9	55	0.47921	0.007188145	0.0059	0.005882663	0.126114377	140.1270855	1.09E+02	2.55E+02	140.95	110.13	256.90	4.60E-03	1.07E-02
